quote_id,topic_id,section_number,quote_text,attribution,active,sort_order
1,23,1,"Dhritarashtra uvaca:
dharma-kshetre kuru-kshetre
samaveta yuyutsavah
mamakah pandavas caiva
kim akurvata sanjaya

Dhartarastra Berkata: ""Apakah yang akan mereka lakukan, pasukanku dan pasukan Pandava di medan dharma, kuruksetra, yang siap tempur, wahai Sanjaya?""",Bhagawadgita BAB I,1,1
2,23,2,"Sanjaya uvaca:
drishtva tu pandavanikam 
vyudham duryodhanas tada 
acaryam upasangamya 
raja vacanam abravit 

Sanjaya berkata: 
""Lihatlah, itu pasukan Pandava yang amat besar dipimpin oleh putra Pandu dan oleh putra Drupada, muridmu sendiri yang bijaksana, wahai dang acarya""",Bhagawadgita BAB I,1,2
3,23,3,"pasyaitam pandu-putranam
acarya mahatim camum
vyudham drupada-putrena
tava sisyena dhimata

Di dataran nan suci ini (dharmakshetra), tanah kebenaran, tanahnya para Kuru, berkumpullah putra-putraku beserta laskar-laskar mereka, dan juga putra-putra Sang Pandu (Ayahanda Pandawa) bersiap-siap untuk suatu yudha. Apa saja yang sedang mereka lakukan beritakanlah kepadaku, wahai Sanjaya.",Bhagawadgita BAB I,1,3
4,23,4,"atra sura mahesv-asa
bhimarjuna-sama yudhi 
yuyudhano viratas ca 
drupadas ca maha-rathah 

Inilah (nama-nama) para pahlawan, pemanah-pemanah tangguh, sebanding dengan Bhima dan Arjuna, (yaitu) Yuyudhana, Virata dan Drupada, semuanya panglima kereta perang.",Bhagawadgita BAB I,1,4
5,23,5,"dhrishtaketus cekitanah
kasirajas ca viryavan
purujit kuntibhojas ca
saibyas ca nara-pungavah

""hristaketu, Cekitana, dan Raja Kasi yang pemberani, Purujit, Kuntibhoja dan Saibya yaitu banteng diantara manusia. """,Bhagawadgita BAB I,1,5
6,23,6,"yudhamanyus ca vikranta
uttamaujas ca viryavan
saubhadro draupadeyas ca
sarva eva maha-rathah

Yudhamanyu yang pemberani, Uttamauja yang gagah berani, putera putera Subhadra dan Draupadi, sesungguhnya semua ahli perang kereta.",Bhagawadgita BAB I,1,6
7,23,7,"asmakam tu visista ye
tan nibodha dvijottama 
nayaka mama sainyasya 
samjnartham tan bravimi te 

Ketahuilah, mereka (sebagai) pemimpin pemimpin pasukan kami, untuk diketahui saya sebutkan mereka, yang pertama adalah paduka, Pendeta utama 
Dhristaketu, Cekitana, dan Raja Kasi yang pemberani, Purujit, Kuntibhoja dan Saibya yaitu banteng diantara manusia.",Bhagawadgita BAB I,1,7
8,23,8,"bhavan bhismas ca karnas ca
kripas ca samitim-jayah
ashvatthama vikarnas ca
saumadattis tathaiva ca

Yang terhormat paduka sendiri, Bhisma dan Karna, kemudian Krpa, yang sama sama jaya dalam perang; demikian juga Aswatthama, Vikarna dan Somadattaputra.",Bhagawadgita BAB I,1,8
9,23,9,"anye ca bahavah sura
mad-arthe tyakta-jivitah
nana-shastra-praharanah
sarve yuddha-visaradah 

Dan perwira lain yang setia, mempertaruhkan jiwa mereka untuk saya, sama sama bersenjata lengkapa aneka warna, yang semuanya ahli dalam peperangan.",Bhagawadgita BAB I,1,9
10,23,10,"aparyaptam tad asmakam
balam bhismabhiraksitam 
paryaptam tv idam etesam
balam bhimabhiraksitam

Pasukan kita yang dipimpin oleh Bhisma sungguh tak terkirakan banyaknya dan besar pasukan mereka dibawah komando Bhima dapat diperkirakan.",Bhagawadgita BAB I,1,10
11,23,11,"ayanesu ca sarveshu
yatha-bhagam avasthitah 
bhismam evabhirakshantu
bhavantah sarva eva hi

Semuanya siap tegak dalam barisan masing masing dalam divisi yang dipimpin oleh Bhisma, masing masingnya untuk Tuanku.",Bhagawadgita BAB I,1,11
12,23,12,"tasya sanjanayan harsam
kuru-vrddhah pitamahah 
simha-nadam vinadyoccaih
sankham dadhmau pratapavan

Untuk membangkitkan semangat pahlawan Kuru, yang telah lanjut usia, sebagai Patriot, meniup terompet kerangnya kuat kuat (sehingga) menderu bagaikan raungan singa.",Bhagawadgita BAB I,1,12
13,23,13,"tatah sankhas ca bheryas ca
panavanaka-gomukhah
sahasaivabhyahanyanta
sa shabdas tumulo ’bhavat

kemudiaan trompet, genderang dan tambur serta seruling tanduk dibunyikan serentak dengan gemuruh dan gegap gempita.",Bhagawadgita BAB I,1,13
14,23,14,"tatah svetair hayair yukte
mahati syandane sthitau
madhavah pandavas caiva
divyau sankhau pradadhmatuh

Kemudian setelah berdiri diatas kereta megah yang ditarik oleh dua ekor kuda putih, Krsna dan Arjuna meniup terompet devata mereka.",Bhagawadgita BAB I,1,14
15,23,15,"pancajanyam hrsikeso
devadattam dhananjayah
paundram dadhmau maha-sankham
bhima-karma vrkodarah


Krsna meniup terompet Pancajanya dan Arjuna meniup terompet Devadatta. Bhima yang tingkahnya menakutkan, galak bagaikan srigala meniup terompetnya yang hebat, Paudra.",Bhagawadgita BAB I,1,15
16,23,16,"anantavijayam raja
kunti-putro yudhisthirah  
nakulah sahadevas ca 
sughosa-manipuspakau 

Putera Kunti, prabu Yudhisthira meniup terompet Ananta-vijaya, (sedangkan) Nakula dan Sahadeva meniup terompet Sughosa dan Manipuspaka.",Bhagawadgita BAB I,1,16
17,23,17,"kasyas ca paramesv-asah
sikhandi ca maha-rathah 
dhrishtadyumno viratas ca 
satyakis caparajitah 

Maharaja dari Kasi, pemanah yang unggul dan Sikhandi, pahlawan kereta Dhrstadyumna dan Virata demikian pula Satyaki yang tak terkalahkan.",Bhagawadgita BAB I,1,17
18,23,18,"drupado draupadeyas ca
sarvasah prithivi-pate 
saubhadras ca maha-bahuh 
sankhan dadhmuh prithak prithak 

Wahai penguasa bhumi (Dhrtarastra), Raja Drupada dan putera putera Draupadi, serta putera Subhadra dengan persenjataanya yang kuat semua meniup terompet mereka masing masing dari segala penjuru.",Bhagawadgita BAB I,1,18
19,23,19,"sa ghoso dhartarastranam
hridayani vyadarayat
nabhas ca prithivim caiva
tumulo ’bhyanunadayan

Suara gegap gempita itu memecah angkasa dan bumi menggetarkan hati putra putra Dhrtarastra.",Bhagawadgita BAB I,1,19
20,23,20,"atha vyavasthitan drishtva
dhartarastran kapi-dhvajah
pravrtte shastra-sampate
dhanur udyamya pandavah
hrishikesham tada vakyam
idam aha mahi-pate

Kemudian setelah melihat putra putra Dhrtarastra dengan senjata siap dalam barisan dan Arjuna dengan panji panji berlambangkan ""Hanuman"" mengangkat busur panahnya.",Bhagawadgita BAB I,1,20
21,23,21,"arjuna uvaca:
senayor ubhayor madhye 
ratham sthapaya me ’cyuta 

Kemudian mengucapkan kata kata ini kepada Krsna: Arjuna berkata:""wahai Krsna, tariklah keretaku sampai ditengah antara kedua pasukan.",Bhagawadgita BAB I,1,21
22,23,22,"yavad etan nirikse ’ham
yoddhu-kaman avasthitan 
kair maya saha yoddhavyam 
asmin rana-samudyame 


Dengan demikian saya dapat mengetahui siapa-siapa mereka yang siap, ingin bertempur, yang harus saya hadapi nanti dalam peperangan ini.",Bhagawadgita BAB I,1,22
23,23,23,"yotsyamanan avekse ’ham
ya ete ’tra samagatah
dhartarastrasya durbuddher
yuddhe priya-cikirsavah
 

Agar saya dapat menyaksikan sendiri mereka yang berkumpul, berbaris disini, rela berkorban demi kepuasan hati putra Dhrtarasta yang perpikiran jahat.",Bhagawadgita BAB I,1,23
24,23,24,"sanjaya uvaca:
evam ukto hrsikeso
gudakesena bharata
senayor ubhayor madhye
sthapayitva rathottamam

Sanjaya berkata: Demikian permintaan Arjuna kepada Krsna;setelah mendengar permintaan demikian Krsna menenpatkan kereta yang indah ditengah antara kedua pasukan.",Bhagawadgita BAB I,1,24
25,23,25,"bhisma-drona-pramukhatah
sarvesam ca mahi-ksitam
uvaca partha pasyaitan
samavetan kurun iti

Dihadapan Bhisma, Drona dan pemimpin-pemimpin terkemuka, Krsna berkata: ""saksikanlah mereka Arjuna, para keturunan Kuru yang berkumpul ini"".",Bhagawadgita BAB I,1,25
26,23,26,"tatrapasyat sthitan parthah
pitrn atha pitamahan
acaryan matulan bhratrn
putran pautran sakhims tatha


Kemudian Arjuna melihat disana berdiri para bapa, kakek dan guru,paman, saudara dan sepupu, anak, cucu dan sahabat.",Bhagawadgita BAB I,1,26
27,23,27,"svasuran suhridas caiva
senayor ubhayor api
tan samiksya sa kaunteyah 
sarvan bandhun avasthitan

Dan juga Arjuna melihat para mertua, kawan sejawat semuanya, sanak keluarga pada berdiri tegak dalam barisan kedua belah pihak.",Bhagawadgita BAB I,1,27
28,23,28,"kripaya parayavisto
visidann idam abravit
arjuna uvaca: 
drstvemam sva-janam krishna
yuyutsum samupasthitam


Dengan diliputi rasa kasihan dalam keadaan sedih Arjuna berkata:""Dengan menyaksikan orang orangku sendiri, yang berbaris siap untuk berperang, wahai Krsna.",Bhagawadgita BAB I,1,28
29,23,29,"sidanti mama gatrani
mukham ca parisusyati
vepathus ca sarire me 
roma-harsas ca jayate


Anggota tubuh saya menjadli lemas, mulut saya terasa kering sekujur tubuh saya gemetar dan bulu roma saya berdiri.",Bhagawadgita BAB I,1,29
30,23,30,"gandivam sramsate hastat
tvak caiva paridahyate
na ca saknomy avasthatum 
bhramativa ca me manah


Busur Gandiva terlepas dari tangan saya dan seluruh kulit saya panas membara, saya tidak kuasa lagi berdiri dan pikiran saya kacau tak menentu.",Bhagawadgita BAB I,1,30
31,23,31,"nimittani ca pasyami
viparitani keshava
na ca sreyo ’nupasyami 
hatva sva-janam ahave


Dan saya melihat firasat buruk, wahai Kresna, dan tidak ada baiknya saya membunuhi rakyat sendiri dalam peperangan ini.",Bhagawadgita BAB I,1,31
32,23,32,"na kankse vijayam krishna
na ca rajyam sukhani ca
kim no rajyena govinda 
kim bhogair jivitena va


Saya tidak mengharapkan kemenangan dan tidak juga kerajaan dan kesenangan, wahai Krsna, apa gunanya kerajaan dan kesenangan demikian pula hidup ini, wahai Krsna?",Bhagawadgita BAB I,1,32
33,23,33,"yesham arthe kanksitam no
rajyam bhogah sukhani ca
ta ime ’vasthita yuddhe
pranams tyaktva dhanani ca


Untuk siapa kita perebutkan kerajaan, kebahagiaan dan kesenangan yang mereka (pertahankan), berada disini siap untuk berperang dengan mengorbankan jiwa dan harta benda mereka?",Bhagawadgita BAB I,1,33
34,23,34,"acaryah pitarah putras
tathaiva ca pitamahah
matulah svasurah pautrah
syalah sambandhinas tatha

Guru, Bapa, anak-anak dan kakek, serta paman, ipar, cucu, mertua dan sanak keluarga lainnya.",Bhagawadgita BAB I,1,34
35,23,35,"etan na hantum icchami
ghnato ’pi madhusudana
api trailokya-rajyasya
hetoh kim nu mahi-krte

Semua itu aku tak hendak membunuh mereka, sekalipun (mereka membunuhku), wahai Krsna; untuk ketiga dunia ini, apalagi hanya untuk dunia ini saja.",Bhagawadgita BAB I,1,35
36,23,36,"nihatya dhartarastran nah
ka pritih syaj janardana
papam evasrayed asman 
hatvaitan atatayinah

Kebahagiaan apakah yang akan kita nikmati, setelah membunuh putra-putra Dhrtarasta, wahai Krsna,hanya dosalah yang akan datang kepada kami setelah membunuh si durhaka itu.",Bhagawadgita BAB I,1,36
37,23,37,"tasman narha vayam hantum
dhartarastran sa-bandhavan
sva-janam hi katham hatva
sukhinah syama madhava


""Karenanya tidaklah patut kita membunuh putra-putra Dhrtarastra, (yang merupakan) keluarga sendiri. Bagaimana kita bisa bahagia dengan membunuh keluarga sendiri wahai Krsna? """,Bhagawadgita BAB I,1,37
38,23,38,"yady apy ete na pasyanti
lobhopahata-cetasah
kula-ksaya-kritam dosam
mitra-drohe ca patakam

""Walaupun mereka yang jiwanya dikuasai oleh kelobahan tidak melihat adanya dosa membunuh keluarga dan tidak melihat kejahatan karna menindas. """,Bhagawadgita BAB I,1,38
39,23,39,"katham na jneyam asmabhih
papad asman nivartitum
kula-ksaya-kritam dosam
prapasyadbhir janardana

""Namun mengapa kita tidak mengetahui dosa itu, untuk melenyapkan dari perbuatan dosa, oleh karna itu kita menyadari dengan jelas bahwa membasmi keluarga merupakan suatu dosa. """,Bhagawadgita BAB I,1,39
40,23,40,"kula-ksaye pranasyanti
kula-dharmah sanatanah
dharme naste kulam krtsnam
adharmo ’bhibhavaty uta

""Dengan hancurnya semua keluarga, adat istiadat keluarga yang turun temurun akan hancur dan lenyapnya tradisi keluarga akan dikuasai oleh ketidakpastian hukum. """,Bhagawadgita BAB I,1,40
41,23,41,"adharmabhibhavat krishna
pradusyanti kula-striyah
strisu dustasu varsneya
jayate varna-sankarah

""Bila adharma berkecamuk wahai Krsna, kaum wanita menjadi tidak suci dan bila kaum wanita sudah menjadi tidak suci lagi, aturan tentang warna menjadi kacau, wahai Krsna. """,Bhagawadgita BAB I,1,41
42,23,42,"sankaro narakayaiva
kula-ghnanam kulasya ca
patanti pitaro hy esam
lupta-pindodaka-kriyah
 
""Keruntuhan moral ini membawa keluarga dan para pembunuhnya ke neraka, arwah nenek moyang jatuh, semua terpana, air dan nasi tidak ada lagi baginya. """,Bhagawadgita BAB I,1,42
43,23,43,"dosair etaih kula-ghnanam
varna-sankara-karakaih
utsadyante jati-dharmah
kula-dharmas ca sasvatah 

""Karena dosa dan kehancuran keluarga ini membawa keruntuhan bagi hukum golongan (varna dharma), kebiasaan keluarga dan hukum keluarga hancur untuk selama lamanya. """,Bhagawadgita BAB I,1,43
44,23,44,"utsanna-kula-dharmanam
manushyanam janardana
narake niyatam vaso
bhavatity anususruma

""Kami sudah mendengar semuanya ini, wahai Janardana, bahwa manusia yang kebudayaan dan hukumnya musnah, neraka-lah tempatnya yang abadi.""",Bhagawadgita BAB I,1,44
45,23,45,"aho bata mahat papam
kartum vyavasita vayam
yad rajya-sukha-lobhena
hantum sva-janam udyatah

""Ah, betapa besar dosa kita, merencanakan pembunuhan sanak keluarga, hanya menuruti kesenangan dan loba, menginginkan kerajaan dan kenikmatan. """,Bhagawadgita BAB I,1,45
46,23,46,"yadi mam apratikaram
ashastram shastra-panayah
dhartarastra rane hanyus
tan me kshemataram bhavet

""Bagi saya, akan lebih baik apabila Kaurava dengan senjata ditangan menyerang saya dalam pertempuran tanpa senjata, tanpa perlawanan.""",Bhagawadgita BAB I,1,46
47,23,47,"sanjaya uvaca:
evam uktvarjunah sankhye
rathopastha upavisat 
visrjya sa-saram capam 
soka-samvigna-manasah 

Sanjaya Berkata: 
Setelah berkata demikian dimedan perang, Arjuna yang duduk diatas keretanya menjatuhkan busur dan anak panahnya dengan perasaan penuh diliputi duka.

disini berakhir bab ke-satu dari Upanisad Bhagavadgita ajaran tentang Brahmavidya dan Yogasastre, berupa percakapan antara Sri Krsna dan Arjuna yang berjudul: ""Arjuna Visada Yogah""",Bhagawadgita BAB I,1,47
48,24,1,"sanjaya uvaca: 
tam tatha kripayavistam
asru-purnakuleksanam
visidantam idam vakyam
uvaca madhusudanah

 Sanjaya berkata:
""Madhusudana berkata kepada dia (Arjuna) yang diliputi rasa belas kasihan dengan pelupuk mata digenangi air mata oleh rasa remuk redam dalam hati, sebagai berikut"".",Bhagawadgita BAB II,1,48
49,24,2,"Sri-bhagavan uvaca : 
kutas tva kasmalam idam
visame samupasthitam
anarya-justam asvargyam
akirti-karam arjuna

 Sri Bhagavan(Krsna) bersabda:
""Pada saat kesulitan seperti ini, darimanakah kedukaan dan kelemahan hati datang, dan sesungguhnya bukan sifat satria (anarya) tidak luhur dan memalukan serta menjauhkan diri dari orang, wahai Arjuna. """,Bhagawadgita BAB II,1,49
50,24,3,"klaibyam ma sma gamah partha 
naitat tvayy upapadyate
ksudram hridaya-daurbalyam
tyaktvottistha parantapa


""Wahai Arjuna, janganlah engkau biarkan kelemahan itu, sebab itu tidak sesuai bagimu, Lengyapkanlah kelemahan dan rasa takut itu, bangunlah wahai pahlawan yang menggetarkan musuh. """,Bhagawadgita BAB II,1,50
51,24,4,"arjuna uvaca: 
katham bhismam aham sankhye
dronam ca madhusudana
isubhih pratiyotsyami
pujarhav ari-sudana

Arjuna berkata:
""wahai Madhusudana, bagaimana mungkin saya bisa menyerang Bhisma dan Drona dengan panah dalam pertempuran ini; mereka yang patut saya hormati wahai Krsna. """,Bhagawadgita BAB II,1,51
52,24,5,"gurun ahatva hi mahanubhavan 
sreyo bhoktum bhaiksyam apiha loke
hatvartha-kamams tu gurun ihaiva
bhunjiya bhogan rudhira-pradigdhan

""Daripada membunuh guru yang mulia di dunia ini akan lebih baik menjadi peminta-minta, walaupun mabuk duniawi, tetapi tetap menjadi guru saya, sedangkan dengan membunuh mereka berarti hidup ini berlumuran darah. """,Bhagawadgita BAB II,1,52
53,24,6,"na caitad vidmah kataran no gariyo
yad va jayema yadi va no jayeyuh 
yan eva hatva na jijivisamas 
te ’vasthitah pramukhe dhartarastrah 

""Yang mana lebih menguntungkan kami tidaklah jelas; apakah kami menumpas mereka atau mereka membantai kami. Dengan membunuh mereka yang tidak kita harapkan untuk hidup, orang-orang keturunan prabu Dhrtarasta sekarang bediri siap didepan kita. """,Bhagawadgita BAB II,1,53
54,24,7,"karpanya-dosopahata-svabhavah 
prcchami tvam dharma-sammudha-cetah 
yac chreyah syan niscitam bruhi tan me 
shishyas te ’ham sadhi mam tvam prapannam 

""Oleh karena hati yang lemah, pikiran yang kacau balau tentang apa yang benar untuk dilakukan, saya bertanya kepada-Mu, katakanlah kepada saya mana yang lebih bermanfaat; saya adalah murid-Mu; ajarilah saya, saya datang untuk mendapatkan perlindungan-Mu. """,Bhagawadgita BAB II,1,54
55,24,8,"na hi prapasyami mamapanudyad
yac chokam ucchosanam indriyanam
avapya bhumav asapatnam rddham
rajyam suranam api cadhipatyam

""Saya tak melihat yang dapat mengenyahkan duka ini, yang mematikan panca indra saya walaupun seandainya saya mendapatkan kekayaan dan kekuasaan tiada taranya dibumi dan berkuasa atas para dewa di surga. """,Bhagawadgita BAB II,1,55
56,24,9,"Sanjaya uvaca: 
evam uktva hrishikesham
gudakeshah parantapah
na yotsya iti govindam
uktva tusnim babhuva ha

Sanjaya berkata:
Setelah mengemukakannya kepada Krsna, Arjuna si penakluk musuh berkata kepada Krsna: ""Aku tak mau bertempur,"" dan kemudan diam tertegun.",Bhagawadgita BAB II,1,56
57,24,10,"tam uvaca hrishikeshah 
prahasann iva bharata
senayor ubhayor madhye
visidantam idam vacah

Kepada yang tertimpa perasaan tertekan ditengah-tengah kedua pasukan itu, wahai Bharata (Dhrtarasta), sambil tersenyum Hrsikesa (Krsna) menyampaikan kata-kata ini:",Bhagawadgita BAB II,1,57
58,24,11,"Sri-bhagavan uvaca: 
asocyan anvasocas tvam
prajna-vadams ca bhasase
gatasun agatasums ca
nanusocanti panditah

Bhagavan Krsna bersabda:
""Engkau berduka kepada mereka yang tak patun engkau sedikan, namun engkau berbicara tentang kata-kata bijaksana. Orang bijaksana tak akan bersedih baik bagi yang hidup ataupun bagi yang mati. """,Bhagawadgita BAB II,1,58
59,24,12,"na tv evaham jatu nasam 
na tvam neme janadhipah
na caiva na bhavisyamah
sarve vayam atah param

""Baik Aku, Engkau dan para pemimpin ini tak pernah tidak ada sebelumnya; ataupun akan berhenti adanya sekalipun sesudah mati. """,Bhagawadgita BAB II,1,59
60,24,13,"dehino ’smin yatha dehe 
kaumaram yauvanam jara
tatha dehantara-praptir
dhiras tatra na muhyati

""Sebagaimana sang roh itu ada pada masa kecil, masa muda dan masa tua, demikian juga dengan diperolehnya badan baru, orang bijaksana tak akan tergoyahkan. """,Bhagawadgita BAB II,1,60
61,24,14,"matra-sparshas tu kaunteya
sitosna-sukha-duhkha-dah
agamapayino ’nityas
tams titiksasva bharata

""Sesungguhnya, hubungannya dengan benda-benda jasmaniah, wahai Arjuna, menimbulkan panas dan dingin, senang dan duka; yang datang dan pergi, tidak kekal, terimalah hal itu dengan sabar, wahai Arjuna. """,Bhagawadgita BAB II,1,61
62,24,15,"yam hi na vyathayanty ete 
purusham purusharsabha 
sama-duhkha-sukham dhiram 
so ’mrtatvaya kalpate 

""Sesungguhnya orang yang teguh pikirannya wahai Arjuna, yang merasa sama antara susah dan senang, orang seperti itulah yang patut hidup kekal abadi. """,Bhagawadgita BAB II,1,62
63,24,16,"nasato vidyate bhavo 
nabhavo vidyate satah
ubhayor api drsto ’ntas
tv anayos tattva-darshibhih

""Apa yang tidak ada, tak akan pernah ada (dan) apa yang ada tak akan berhenti ada, kesimpulannya keduanya telah dapat dimengerti oleh para pengamat kebenaran. """,Bhagawadgita BAB II,1,63
64,24,17,"avinasi tu tad viddhi 
yena sarvam idam tatam
vinasam avyayasyasya
na kascit kartum arhati

""Ketahuilah bahwa sesungguhnya yang meliputi semua ini tak dapat dihancurkan. Tak seorangpun dapat memusnahkan yang tak mengenal kemusnahan itu. """,Bhagawadgita BAB II,1,64
65,24,18,"antavanta ime deha 
nityasyoktah saririnah
anasino ’prameyasya
tasmad yudhyasva bharata

""Sesungguhnya, raga dari jiwa yang langgeng, tak terhancurkan dan tak terbatas ini, juga akan berakhir; karena itu bertempurlah wahai Arjuna. """,Bhagawadgita BAB II,1,65
66,24,19,"ya enam vetti hantaram
yas cainam manyate hatam 
ubhau tau na vijanito 
nayam hanti na hanyate 

""Sesungguhnya, yang memikirkan Ia sebagai pembunuh dan berpendapat bahwa Ia dapat dibunuh keduanya adalah dungu, karena Ia tak pernah membunuh dan dibunuh. """,Bhagawadgita BAB II,1,66
67,24,20,"na jayate mriyate va kadacin 
nayam bhutva bhavita va na bhuyah
ajo nityah sasvato ’yam purano
na hanyate hanyamane sarire

""Ini tak pernah lahir, juga tak pernah mati atau setelah ada tak akan berhenti ada. Ia tak dilahirkan, kekal, abadi, sejak dahulu ada; dan Dia tidak akan mati pada saat badan jasmani ini mati. """,Bhagawadgita BAB II,1,67
68,24,21,"vedavinasinam nityam 
ya enam ajam avyayam
katham sa purushah partha
kam ghatayati hanti kam 

""Ia yang mengetahui bahwa Ia tak dapat dimushahkan, langgeng, tak terlahirkan, dan tak berubah itu; bagaimana ia dapat membunuh atau menyebabkan orang lain dapat membunuh-Nya, wahai Arjuna. """,Bhagawadgita BAB II,1,68
69,24,22,"vasamsi jirnani yatha vihaya 
navani grhnati naro ’parani 
tatha sarirani vihaya jirnany 
anyani samyati navani dehi 

 ""Seperti halnya orang yang menanggalkan pakaian usang yang telah dipakai dan menggantikannya dengan yang baru. Demikian pula halnya jivatman meninggalkan badan lamanya dan memasuki jasmani yang baru. """,Bhagawadgita BAB II,1,69
70,24,23,"nainam chindanti shastrani 
nainam dahati pavakah
na cainam kledayanty apo
na sosayati marutah

""Senjata tak dapat melukai-Nya dan api tak dapat membakar-Nya; angin tak dapat mengeringkan-Nya dan air tak dapat membasahi-Nya. """,Bhagawadgita BAB II,1,70
71,24,24,"acchedyo ’yam adahyo ’yam
akledyo ’sosya eva ca
nityah sarva-gatah sthanur
acalo ’yam sanatanah

""Sesungguhnya Dia tak dapat dilukai, dibakar dan juga tak dapat dikeringkan dan dibasahi; Dia kekal, meliputi segalanya, tak bergerak dan abadi selamanya. """,Bhagawadgita BAB II,1,71
72,24,25,"avyakto ’yam acintyo ’yam 
avikaryo ’yam ucyate 
tasmad evam viditvainam 
nanusocitum arhasi 

""Ia tak dapat diwujudkan dengan kata-kata, tak dapat dipikirkan dan dinyatakan, tak berubah-ubah; karena itu dengan mengetahui sebagaimana halnya, engkau tak perlu berduka. """,Bhagawadgita BAB II,1,72
73,24,26,"atha cainam nitya-jatam 
nityam va manyase mrtam 
tathapi tvam maha-baho 
nainam socitum arhasi 

""Atau seandainya pun engkau berpendapat bahwa Dia selalu lahir dan mati, walaupun demikian engkau hendaknya tak usah menyesal, wahai Arjuna. """,Bhagawadgita BAB II,1,73
74,24,27,"jatasya hi dhruvo mrityur 
dhruvam janma mrtasya ca
tasmad apariharye ’rthe
na tvam socitum arhasi

""Sesungguhnya setiap yang lahir, kematian adalah pasti, demikian pula yang mati kelahiran adalah pasti, dan itu tak terelakkan; karena itu tak ada alasan engkau merasa menyesal. """,Bhagawadgita BAB II,1,74
75,24,28,"avyaktadini bhutani 
vyakta-madhyani bharata
avyakta-nidhanany eva
tatra ka paridevana

""Mahluk-mahluk itu pada mulanya tidak kelihatan, dan terlahir pada saat pertengahan dan pada akhirnya lenyap dari wujudnya. Mengapa harus menyesalinya, wahai Arjuna. """,Bhagawadgita BAB II,1,75
76,24,29,"ascarya-vat pasyati kascid enam 
ascarya-vad vadati tathaiva canyah
ascarya-vac cainam anyah srnoti
srutvapy enam veda na caiva kascit

""Seseorang melihat kebesaran-Nya, yang lain mengatakan tentang keagungan-Nya, namun setelah mendengar-Nya, tak seorangpun memahami-Nya. """,Bhagawadgita BAB II,1,76
77,24,30,"dehi nityam avadhyo ’yam 
dehe sarvasya bharata 
tasmat sarvani bhutani 
na tvam socitum arhasi 
 
""Yang menghuni badan setiap mahluk, semuanya tak akan dapat dibunuh, wahai Bharata, oleh karena itu janganlah bersedih atas kematian mahluk apapun. """,Bhagawadgita BAB II,1,77
78,24,31,"sva-dharmam api caveksya 
na vikampitum arhasi 
dharmyad dhi yuddhac chreyo ’nyat
kshatriyasya na vidyate 
 
""Lagi pula bertempur menegakkan kebenaran dengan menyadari akan kewajiban masing-masing, Engkau tak boleh gentar; bagi ksatria tak ada kebagagiaan yang lebih besar daripada berperang menegakkan kebenaran. """,Bhagawadgita BAB II,1,78
79,24,32,"yadrcchaya copapannam 
svarga-dvaram apavrtam
sukhinah kshatriyah partha
labhante yuddham idrsam

""Berbahagialah pahlawan sejati yang mendapat kesempatan untuk bertempur dalam hal seperti ini, wahai Arjuna, karena bagi mereka pintu surga telah terbuka lebar. """,Bhagawadgita BAB II,1,79
80,24,33,"atha cet tvam imam dharmyam 
sangramam na karishyasi
tatah sva-dharmam kirtim ca
hitva papam avapsyasi

""Akhirnya bila Engkau tidak berperang, sebagaimana kewajiban, dengan meninggalkan kewajiban dan kehormatanmu, maka penderitaanlah yang akan engkau peroleh. """,Bhagawadgita BAB II,1,80
81,24,34,"akirtim capi bhutani 
kathayisyanti te ’vyayam
sambhavitasya cakirtir
maranad atiricyate

""Semua orang akan membicarakan nama burukmu dan bagi orang terhormat yang telah kehilangan kehormatan, lebih buruk daripada kematian. """,Bhagawadgita BAB II,1,81
82,24,35,"bhayad ranad uparatam 
mamsyante tvam maha-rathah
yesham ca tvam bahu-mato
bhutva yasyasi laghavam

""Para pahlawan kereta besar akan menganggapmu sebagai pengecut karena lari dari pertempuran dan mereka yang pernah mengagumi mu dengan penuh kehormatan akan merendahkanmu dengan hinaan. """,Bhagawadgita BAB II,1,82
83,24,36,"avacya-vadams ca bahun 
vadisyanti tavahitah 
nindantas tava samarthyam 
tato duhkhataram nu kim 

""Musuh yang menentangmu akan melontarkan caci maki, merendahkan kemampuanmu dengan menjelekan dan menghina kekuatanmu, Apakah yang menyedihkan dari itu? """,Bhagawadgita BAB II,1,83
84,24,37,"hato va prapsyasi svargam 
jitva va bhoksyase mahim
tasmad uttistha kaunteya
yuddhaya krta-niscayah

""Dengan kematian itu engkau memperoleh sorga atau kalau menang, engkau akan menikmati kebahagiaan dunia. Oleh karena itu bangkitlah wahai Arjuna, bulatkan tekad untuk berperang. """,Bhagawadgita BAB II,1,84
85,24,38,"sukha-duhkhe same kritva
labhalabhau jayajayau 
tato yuddhaya yujyasva 
naivam papam avapsyasi 
 
""Dengan mempersamakan suka dan duka, untung dan rugi, menang dan kalah, siapkanlah dirimu untuk menghadapi perang itu, sehingga engkau terhindar dari dosa (perasaan bersalah) """,Bhagawadgita BAB II,1,85
86,24,39,"esa te ’bhihita sankhye 
buddhir yoge tv imam shrinu 
buddhya yukto yaya partha 
karma-bandham prahasyasi 
 
""Inilah ajaran Samkhya yang telah diajarkan kepadamu dan sekarang dengarkanlah ajaran Yoga. Bila engkau bersedia menerimanya wahai Arjuna, engkau akan melepaskan diri dari ikatan karma. """,Bhagawadgita BAB II,1,86
87,24,40,"nehabhikrama-naso ’sti 
pratyavayo na vidyate
sv-alpam apy asya dharmasya
trayate mahato bhayat

""Dalam hal ini tak ada usaha sia-sia, dan juga tak ada rintangan yang tak teratasi. Walau sedikit dari dharma ini, akan melindungi seseorang dari ketakutan yang besar.""",Bhagawadgita BAB II,1,87
88,24,41,"vyavasayatmika buddhir 
ekeha kuru-nandana
bahu-sakha hy anantas ca
buddhayo ’vyavasayinam

""Wahai Arjuna, kebanggaan wangsa Kuru, bahwa sesungguhnya dalam pikiran yang bulat, pemahaman itu menyatu; tetapi yang bercabang-cabang dan tiada habis-habisnya, adalah karena ketidakteguhannya. """,Bhagawadgita BAB II,1,88
89,24,42,"yam imam puspitam vacam 
pravadanty avipascitah 
veda-vada-ratah partha 
nanyad astiti vadinah 

""Sesungguhnya orang-orang yang tidak bijaksana mengucapkan kata-kata kembangan; yang kesukaannya hanya pada apa yang tersurat dalam Veda wahai Arjuna, tidak lain ucapan mereka adalah ini. """,Bhagawadgita BAB II,1,89
90,24,43,"kamatmanah svarga-para 
janma-karma-phala-pradam 
kriya-visesa-bahulam 
bhogaisvarya-gatim prati 
 
""Mereka yang pikirannya penuh dengan keinginan akan kesenangan, dengan sorga sebagai tujuan, inkarnasi sebagai karmapalanya; melakukan upacara-upacara yang beraneka ragam dan banyak itu, dapat mengantar kearah kebahagiaan dan kekuasaan. """,Bhagawadgita BAB II,1,90
91,24,44,"bhogaisvarya-prasaktanam 
tayapahrta-cetasam
vyavasayatmika buddhih
samadhau na vidhiyate 

""Orang yang pikirannya terpengaruh oleh keinginan akan kenikmatan dan kekuasaan, tak akan terpusatkan dan tak akan mampu melakukan samadhi. """,Bhagawadgita BAB II,1,91
92,24,45,"trai-gunya-visaya veda 
nistrai-gunyo bhavarjuna
nirdvandvo nitya-sattva-stho
niryoga-ksema atmavan

""Veda menguraikan tentang triguna, wahai Arjuna, bebaskanlah pikiranmu daripadanya. Bebaskan diri dari dualisme, pusatkan pikiranmu pada kebenaran, lepaskan dirimu dari duniawi, bersatu dengan atman. """,Bhagawadgita BAB II,1,92
93,24,46,"yavan artha udapane 
sarvatah samplutodake
tavan sarveshu vedesu
brahmanasya vijanatah

""Sebagai halnya sebuah kolam didaerah banjir yang digenangi air dimana-mana, demikian pula kitab suci Veda, bagi Brahmana yang arif bijaksana. """,Bhagawadgita BAB II,1,93
94,24,47,"karmany evadhikaras te 
ma phalesu kadacana
ma karma-phala-hetur bhur 
ma te sango ’stv akarmani 

""Berbuatlah hanya demi kewajibanmu, bukan hasil perbuatan itu(yang kau pikirkan), jangan sekali kali pahala menjadi motifmu dalam bekerja, jangan pula hanya berdiam diri tanpa kerja. """,Bhagawadgita BAB II,1,94
95,24,48,"yoga-sthah kuru karmani 
sangam tyaktva dhananjaya
siddhy-asiddhyoh samo bhutva
samatvam yoga ucyate

""Pusatkan pikiranmu pada kerja tanpa menghiraukan hasilnya, Wahai Dananjaya (Arjuna), tetaplah teguh baik dalam keberhasilan maupun dalam kegagalan, sebab keseimbangan jiwa itulah yang disebut dengan yoga. """,Bhagawadgita BAB II,1,95
96,24,49,"durena hy avaram karma 
buddhi-yogad dhananjaya
buddhau saranam anviccha
kripanah phala-hetavah

""Sesungguhnya karma jauh lebih rendah daripada disiplin akal budi, wahai Arjuna, karena itu berlindunglah pada kecerdasan, karena sangat menyedihkan halnya mereka yang hanya mengharapkan pahala dari kerja sebagai motifnya. """,Bhagawadgita BAB II,1,96
97,24,50,"buddhi-yukto jahatiha 
ubhe sukrita-duskrte
tasmad yogaya yujyasva
yogah karmasu kausalam

""Orang yang terikat oleh buddhi-nya bebas dari perbuatan baik dan keji. Karena itu laksanakanlah Yoga itu, sebab melakukan kegiatan kerja yang sempurna itu sama dengan yoga. """,Bhagawadgita BAB II,1,97
98,24,51,"karma-jam buddhi-yukta hi 
phalam tyaktva manisinah
janma-bandha-vinirmuktah
padam gacchanty anamayam

""Bagi orang bijaksana, yang pikirannya bersatu dengan Yang Maha Tahu, tidak mengharapkan hasil dari perbuatannya (sebagai motif), akan tetapi bebas dari keterikatan karma dan mencapai tempat dimana tak ada penderitaan. """,Bhagawadgita BAB II,1,98
99,24,52,"yada te moha-kalilam 
buddhir vyatitarisyati
tada gantasi nirvedam
srotavyasya srutasya ca

""Apabila pikiran telah terbebas dari kebingungan, akhirnya engkau akan bersikap netral pada apa yang engkau dengar dan apa yang akan engkau dengar. """,Bhagawadgita BAB II,1,99
100,24,53,"shruti-vipratipanna te
yada sthasyati niscala 
samadhav acala buddhis 
tada yogam avapsyasi 

""Bila pikiranmu yang dibingungkan oleh apa yang didengar tak tergoyahkan lagi dan tetap dalam samadhi, kemudian engkau akan mencapai yoga (realisasi diri). """,Bhagawadgita BAB II,1,100
101,24,54,"arjuna uvaca: 
sthita-prajnasya ka bhasa 
samadhi-sthasya keshava 
sthita-dhih kim prabhaseta 
kim asita vrajeta kim 

Arjuna berkata: 
""Wahai Krsna, apakah tanda-tanda dari orang yang mantap kearifannya dan teguh imannya dalam samadhi? bagaimana pula orang bijaksana itu berbicara, duduk, maupun caranya berjalan? """,Bhagawadgita BAB II,1,101
102,24,55,"sri-bhagavan uvaca:
prajahati yada kaman
sarvan partha mano-gatan
atmany evatmana tustah
sthita-prajnas tadocyate

Sri Bhagawan bersabda:
""wahai Arjuna, orang yang dapat melenyapkan segala keinginan dalam hati dan hanya terpuaskan pada atman oleh sang atman saja, maka ialah yang disebut bujaksana. """,Bhagawadgita BAB II,1,102
103,24,56,"duhkhesv anudvigna-manah 
sukhesu vigata-sprhah
vita-raga-bhaya-krodhah
sthita-dhir munir ucyate

""Orang yang tidak sedih dikala duka, tidak kegirangan dikala bahagia, bebas dari nafsu, rasa takut dan amarah, ia disebut orang bijak dan teguh. """,Bhagawadgita BAB II,1,103
104,24,57,"yah sarvatranabhisnehas 
tat tat prapya subhasubham 
nabhinandati na dvesti 
tasya prajna pratisthita 

""Ia yang tak mempunyai keterikatan dimana saja bila mendapat sesuatu yang baik atau buruk, tak akan ada rasa senang atau benci padanya, sesungguhnya ia adalah orang arif bijaksana yang telah memiliki kemantapan. """,Bhagawadgita BAB II,1,104
105,24,58,"yada samharate cayam 
kurmo ’nganiva sarvasah
indriyanindriyarthebhyas
tasya prajna pratisthita<

""Ibarat penyu menarik anggota badan kedalam cangkangnya, demikianlah ia menarik semua inderanya dari segenap objek keinginannya, yang arif bijaksana dalam keseimbangan. """,Bhagawadgita BAB II,1,105
106,24,59,"visaya vinivartante 
niraharasya dehinah
rasa-varjam raso ’py asya
param drishtva nivartate

""Semua objek indra akan tersingkir dari mereka yang mengekang diri walaupun keinginan masih ada, dan keinginan inipun akan lenyap bila Yang Utama menampakkan diri-Nya. """,Bhagawadgita BAB II,1,106
107,24,60,"yatato hy api kaunteya 
purushasya vipascitah
indriyani pramathini
haranti prasabham manah

""Walaupun seorang yang budiman telah berusaha sekuat tenaga, wahai Arjuna. indra-indranya yang liar akan memaksa menyeret pikiranya dengan kuat. """,Bhagawadgita BAB II,1,107
108,24,61,"tani sarvani samyamya
yukta asita mat-parah
vase hi yasyendriyani
tasya prajna pratisthita

""Setelah dapat menguasai semua ini, ia harus duduk memusatkan pikiran kepada-Ku, sebab yang dapat mengendalikan panca indrianya dinamakan memiliki kebijakasanaan yang teguh. """,Bhagawadgita BAB II,1,108
109,24,62,"dhyayato visayan pumsah 
sangas tesupajayate 
sangat sanjayate kamah 
kamat krodho ’bhijayate 

""Dengan memikirkan objek-objek indra maka orang akan terbelenggu padanya, daripadanya lahir keinginan, dan dari keinginan itu lahirlah amarah. """,Bhagawadgita BAB II,1,109
110,24,63,"krodhad bhavati sammohah 
sammohat smriti-vibhramah
smriti-bhramsad buddhi-naso
buddhi-nasat pranasyati

""Dari amarah timbul kebingungan, dari kebingungan hilang ingatan, dari hilang ingatan menghancurkan penalaran, dari kehancuran penalaran membawanya pada kemusnahan. """,Bhagawadgita BAB II,1,110
111,24,64,"raga-dvesa-vimuktais tu
visayan indriyais caran
atma-vasyair vidheyatma
prasadam adhigacchati

""Tetapi, ia yang hidup ditengah-tengah objek duniawi dengan tetap menguasai indria-indrianya dan bebas dari kesenangan dan kebencian, dengan pengendalian seperti itu ia mencapai kedamaian (dalam jiwanya) """,Bhagawadgita BAB II,1,111
112,24,65,"prasade sarva-duhkhanam
hanir asyopajayate
prasanna-cetaso hy asu
buddhih paryavatisthate

""Dan dalam jiwa yang tenang, akan lenyap segala penderitaan, karena pikiran orang bijaksana dan tenang itu, akan menjadi teguh dalam keseimbangan. """,Bhagawadgita BAB II,1,112
113,24,66,"nasti buddhir ayuktasya 
na cayuktasya bhavana 
na cabhavayatah shantir 
asantasya kutah sukham

""Tak ada kebijaksanaan dalam pikiran yang tak terkendalikan dan juga tak ada kosentrasi yang dapat dilakukan dan juga tak ada kedamaian pada pikiran yang tak terpusatkan, sehingga bagaimana mungkin yang tanpa ketenangan dapat menikmati kebagagiaan bukan? """,Bhagawadgita BAB II,1,113
114,24,67,"indriyanam hi caratam 
yan mano ’nuvidhiyate
tad asya harati prajnam
vayur navam ivambhasi

""Sesungguhnya pikiran yang mengikuti keinginan panca indra bila tak terkendalikan akan terbawalah kebijaksanaannya, laksana perahu yang hanyut dalam air terbawa angin. """,Bhagawadgita BAB II,1,114
115,24,68,"tasmad yasya maha-baho
nigrhitani sarvasah
indriyanindriyarthebhyas
tasya prajna pratisthita

""Karenanya, orang yang dapat mengendalikan panca indera sepenuhnya dari segala objek keinginannya, wahai Mahabahu (yang berlengan perkasa), ialah yang kebijaksanaannya telah mantap. """,Bhagawadgita BAB II,1,115
116,24,69,"ya nisa sarva-bhutanam
tasyam jagarti samyami 
yasyam jagrati bhutani 
sa nisa pasyato muneh 

""Apa yang gelap bagi mahluk semua adalah terang bagi yang mengetahui Atman, apa yang siang bagi mahluk-mahluk itu adalah malam bagi yang mengetahui atman. """,Bhagawadgita BAB II,1,116
117,24,70,"apuryamanam acala-pratishtham 
samudram apah pravishanti yadvat
tadvat kama yam pravishanti sarve
sa shantim apnoti na kama-kami

""Ibarat air masuk ke samudera, walau terus menerus, namun tetap tenang tak tergerak;<br\> demikian juga orang yang berjiwa tenang mencapai kedamaian walaupun semua kesenangan masuk pada dirinya, tetapi bukan orang yang mengumbar hawa nafsunya. """,Bhagawadgita BAB II,1,117
118,24,71,"vihaya kaman yah sarvan 
pumams carati nihsprhah
nirmamo nirahankarah
sa shantim adhigacchati

""Orang yang mencampakkan semua keinginannya dan bertindak bebas tanpa keinginan, bebas dari perasaan 'aku' dan 'punyaku' ia mencapai kedamaian. """,Bhagawadgita BAB II,1,118
119,24,72,"esa brahmi sthitih partha 
nainam prapya vimuhyati 
sthitvasyam anta-kale ’pi 
brahma-nirvanam rcchati 

""Inilah tingkat kesucian wahai Partha, dia yang telah sampai tingkat ini, walau maut tiba, tiada bingung lagi dan mencapai nirwana bersatu dengan Brahman. ""

Disini berakhir bab kedua dari Upanisad Bhagawadgita, ajaran tentang Brahmavidya dan yogasastra, 
berupa percakapan antara Sri Krsna dan Arjuna yang berjudul :
""SAMKHYA YOGA"".",Bhagawadgita BAB II,1,119
120,26,1,"Arjuna uvaca: 
jyayasi cet karmanas te 
mata buddhir janardana 
tat kim karmani ghore mam 
niyojayasi keshava 


Arjuna berkata: 
""Wahai Janardana, Kalau engkau berpikir kalau ilmu pengetahuan lebih mulia daripada kerja, mengapa Engkau menganjurkan kepadaku melakukan perbuatan yang kejam ini wahai Kesava? """,Bhagawadgita BAB III,1,120
121,26,2,"vyamisreneva vakyena 
buddhim mohayashiva me 
tad ekam vada niscitya
yena sreyo ’ham apnuyam 

""Ajaranmu agak membingungkan pikiranku, oleh karena itu ajarkanlah kepada saya yang meyakinkan jalan satu-satunya yang dapat saya lakukan.""",Bhagawadgita BAB III,1,121
122,26,3,"Sri-bhagavan uvaca: 
loke ’smin dvi-vidha nistha
pura prokta mayanagha
jnana-yogena sankhyanam
karma-yogena yoginam

Sri Bhagavan bersabda:
""Sejak dahulu telah kukatakan, wahai Anagha, ada dua disiplin, yaitu jalan ilmu pengetahuan bagi cendikiawan (dan) jalan kerja bagi yang giat. """,Bhagawadgita BAB III,1,122
123,26,4,"na karmanam anarambhan
naishkarmyam purusho ’snute
na ca sannyasanad eva
siddhim samadhigacchati

""Tanpa kerja orang tak akan mencapai kebebasan, demikian juga ia tak akan mencapai kesempurnaan karena menghindari kerja. """,Bhagawadgita BAB III,1,123
124,26,5,"na hi kascit ksanam api
jatu tisthaty akarma-krt
karyate hy avasah karma
sarvah prakriti-jair gunaih

""Walaupun untuk sesaat tak seorangpun mampu untuk tidak berbuat, karena setiap manusia dibuat tidak berdaya oleh hukum alam yang memaksanya bertindak. """,Bhagawadgita BAB III,1,124
125,26,6,"karmendriyani samyamya 
ya aste manasa smaran
indriyarthan vimudhatma
mithyacarah sa ucyate

""Ia yang duduk mengendalikan panca indranya tetapi pikirannya ingat kenikmatan yang menjadi objek indranya, sesungguhnya ia adalah hipokrit (orang munafik) """,Bhagawadgita BAB III,1,125
126,26,7,"yas tv indriyani manasa 
niyamyarabhate ’rjuna
karmendriyaih karma-yogam
asaktah sa visisyate

""Sesungguhnya orang yang dapat mengendalikan panca indranya dengan pikiran, wahai Arjuna, dengan panca indranya bekerja tanpa keterikatan, ia adalah sangat dihormati. """,Bhagawadgita BAB III,1,126
127,26,8,"niyatam kuru karma tvam 
karma jyayo hy akarmanah
sarira-yatrapi ca te
na prasiddhyed akarmanah

""Bekerjalah seperti yang telah ditentukan, sebab berbuat lebih baik daripada tidak berbuat,dan bahkan tubuhpun tidak berhasil terpeliharan tanpa berkarya. """,Bhagawadgita BAB III,1,127
128,26,9,"yajnarthat karmano ’nyatra
loko ’yam karma-bandhanah
tad-artham karma kaunteya
mukta-sangah samacara

""Dari tujuan berbuat Yajna itu membuat dunia ini terikat oleh hukum karma, karena itu wahai Arjuna, bekerjalah tanpa pamrih, tanpa kepentingan pribadi, wahai Kuntiputra. """,Bhagawadgita BAB III,1,128
129,26,10,"saha-yajnah prajah srstva
purovaca prajapatih
anena prasavisyadhvam
esa vo ’stv ista-kama-dhuk

""Sesungguhnya sejak dahulu dikatan, Tuhan setelah menciptakan manusia melalui Yajna berkata: dengan (cara) ini engkau akan berkembang, sebagaimana sapi perah yang memenuhi keinginanmu (sendiri) """,Bhagawadgita BAB III,1,129
130,26,11,"devan bhavayatanena 
te deva bhavayantu vah
parasparam bhavayantah
sreyah param avapsyatha

""Adanya para dewa adalah karena ini, semoga mereka menjadikan engkau demikian, dengan saling memberi engkau akan memperoleh kebajikan paling utama. """,Bhagawadgita BAB III,1,130
131,26,12,"istan bhogan hi vo deva 
dasyante yajna-bhavitah
tair dattan apradayaibhyo
yo bhunkte stena eva sah

""Sesungguhnya keinginan untuk mendapatkan kesenangan telah diberikan kepadamu oleh para dewa karena yajnamu, sedangkan ia yang telah memperoleh kesenangan tanpa memberi yajna sesungguhnya adalah pencuri. """,Bhagawadgita BAB III,1,131
132,26,13,"yajna-sistasinah santo
mucyante sarva-kilbisaih
bhunjate te tv agham papa
ye pacanty atma-karanat

""Ia yang makan sisa yajna akan terlepas dari segala dosa, (tetapi) Ia yang memasak makanan hanya bagi dirinya sendiri, sesungguhnya makan dosa. """,Bhagawadgita BAB III,1,132
133,26,14,"annad bhavanti bhutani 
parjanyad anna-sambhavah
yajnad bhavati parjanyo
yajnah karma-samudbhavah

""Adanya makluk hidup karena makanan, adanya makanan karena hujan, adanya hujan karena Yajna, adanya yajna karena karma. """,Bhagawadgita BAB III,1,133
134,26,15,"karma brahmodbhavam viddhi
brahmakshara-samudbhavam
tasmat sarva-gatam brahma
nityam yajne pratisthitam

""Ketahuilah, adanya karma adalah karena Brahma yang ada dari yang Maha Abadi, karena itu Brahma yang melingkupi semuanya ini selalu berkisar disekitar persembahan. """,Bhagawadgita BAB III,1,134
135,26,16,"evam pravartitam cakram 
nanuvartayatiha yah
aghayur indriyaramo
mogham partha sa jivati

""Demikianlah sebabnya terjadi perputaran roda, (dan) ia yang tak ikut dalam perputarannya itu berbuat jahat, selalu berusaha memenuhi nafsu indranya, sesungguhnya ia hidup dalam sia-sia, wahai Partha. """,Bhagawadgita BAB III,1,135
136,26,17,"yas tv atma-ratir eva syad 
atma-trptas ca manavah
atmany eva ca santustas
tasya karyam na vidyate

""Ia yang bersenang hati pada sang Diri, terpuaskan dengan sang Diri, dan terpusatkan pada sang Dirinya itu, sesungguhnya baginya tidak ada kewajiban yang harus dilakukannya.""",Bhagawadgita BAB III,1,136
137,26,18,"naiva tasya krtenartho 
nakrteneha kascana
na casya sarva-bhutesu
kascid artha-vyapasrayah

""Baginya didunia ini tak ada tujuan yang dicari dengan melakukan kegiatan kerja, ataupun merasa rugi karena tidak bekerja; ataupun tak merasa tergantung lagi pada siapapun juga. """,Bhagawadgita BAB III,1,137
138,26,19,"tasmad asaktah satatam
karyam karma samacara
asakto hy acaran karma
param apnoti purushah

""Oleh karena itu, laksanakanlah segala kerja sebagai kewajiban tanpa terikat (pada akibatnya), sebab dengan melakukan kegiatan kerja yang bebas dari keterikatan, orang itu sesungguhnya akan mencapai yang utama.  """,Bhagawadgita BAB III,1,138
139,26,20,"karmanaiva hi samsiddhim 
asthita janakadayah
loka-sangraham evapi
sampasyan kartum arhasi

""Sesungguhnya dengan kerja itu saja, prabu Janaka dan yang lainnya mencapai kesempurnaan. Terpeliharanya dunia sesunggunya demikian juga, engkau hendaknya memperhatikan dalam melakukannya. """,Bhagawadgita BAB III,1,139
140,26,21,"yad yad acarati sresthas
tat tad evetaro janah
sa yat pramanam kurute
lokas tad anuvartate

""Apapun juga kebiasaan baik itu dilakukan, orang lain juga akan mengikutinya. Teladan apapun yang dilakukannya, dunia akan mengikutinya. """,Bhagawadgita BAB III,1,140
141,26,22,"na me parthasti kartavyam 
trisu lokesu kincana
nanavaptam avaptavyam
varta eva ca karmani

""Tak ada pekerjaan yang harus kukerjakan di ketiga dunia ini, atau yang belum aku capai, wahai Arjuna, tetapi aku tetap sibuk dalam kegiatan kerja. """,Bhagawadgita BAB III,1,141
142,26,23,"yadi hy aham na varteyam 
jatu karmany atandritah
mama vartmanuvartante
manushyah partha sarvasah

""Sebab kalau aku tidak selalu bekerja tanpa henti-hentinya, orang tak akan mengikuti jalan-Ku itu dalam segala bidang apapun juga. """,Bhagawadgita BAB III,1,142
143,26,24,"utsideyur ime loka 
na kuryam karma ced aham
sankarasya ca karta syam
upahanyam imah prajah

""Dunia ini akan hancur jika Aku tidak bekerja; Aku akan menjadi pencipta kekacauan ini dan memusnahkan manusia ini semua. """,Bhagawadgita BAB III,1,143
144,26,25,"saktah karmany avidvamso
yatha kurvanti bharata
kuryad vidvams tathasaktas
cikirsur loka-sangraham

""Seperti orang dungu yang bekerja karena keterikatan atas kerja mereka demikianlah harusnya orang pandai bekerja tanpa kepentingan pribadi, Wahai Bharata melainkan untuk kesejahteraan manusia dan memelihara ketertiban sosial. """,Bhagawadgita BAB III,1,144
145,26,26,"na buddhi-bhedam janayed 
ajnanam karma-sanginam
josayet sarva-karmani
vidvan yuktah samacaran

""Mereka yang bijaksana janganlah membingungkan yang bodoh, yang terikat dengan kegiatan kerja; melainkan mengajak semuanya bekerja dan bekerja sama atas dasar itu. """,Bhagawadgita BAB III,1,145
146,26,27,"prakriteh kriyamanani 
gunaih karmani sarvasah
ahankara-vimudhatma
kartaham iti manyate

""Sesungguhnya setiap perbuatan yang dilakukan disebabkan oleh sifat prakerti (naluri), tetapi orang yang bingung karena ke-akuan-nya(ahamkara) berpikir: ""aku inilah pelaksananya"" """,Bhagawadgita BAB III,1,146
147,26,28,"tattva-vit tu maha-baho 
guna-karma-vibhagayoh
guna gunesu vartanta
iti matva na sajjate

Tetapi ketahuilah wahai Mahabahu (Arjuna), bahwa bereka yang mengetahui kebenaran karakter perbedaan antara guma karma dan bekerja berdasarkan sifat kerja dan dengan demikian ia bebas dari keterikatan itu.",Bhagawadgita BAB III,1,147
148,26,29,"prakriter guna-sammudhah
sajjante guna-karmasu
tan akrtsna-vido mandan
krtsna-vin na vicalayet

Mereka yang tertipu oleh sifat prakerti itu terikat pada fungsi dari gun, tetapi orang yang berpengetahuan sempurna hendaknya jangan sampai menyesatkan mereka yang pengetahuannya belum sempurna.",Bhagawadgita BAB III,1,148
149,26,30,"mayi sarvani karmani 
sannyasyadhyatma-cetasa 
nirasir nirmamo bhutva 
yudhyasva vigata-jvarah 

Pasrakan semua kegiatan kerjamu itu kepada-Ku, dengan pikiran terpusat pada sang Atman, bebas dari nafsu keinginan dan ke-akuan, berperanglah, enyahkan rasa gentarmu itu.",Bhagawadgita BAB III,1,149
150,26,31,"ye me matam idam nityam 
anutishthanti manavah
shraddhavanto ’nasuyanto
mucyante te ’pi karmabhih

Mereka yang selalu mengikuti ajaran-Ku dengan penuh keyakinan dan bebas dari keremehan duniawi ini, juga bebas dari belenggu kerja.",Bhagawadgita BAB III,1,150
151,26,32,"ye tv etad abhyasuyanto 
nanutishthanti me matam
sarva-jnana-vimudhams tan
viddhi nastan acetasah

Mereka yang mencela ajaran-Ku dan tidak mengikutinya, sesungguhnya mereka bingung, tidak berperasaan dan kehilangan keyakinan.",Bhagawadgita BAB III,1,151
152,26,33,"sadrsam cestate svasyah 
prakriter jnanavan api 
prakritim yanti bhutani 
nigrahah kim karishyati 
 
Bahkan orang bijaksana berbuat menurut sifat bijaksananya sendiri, semua makluh juga bertindak menurut sifatnya pula, apakah dapat diselesaikan dengan paksa?",Bhagawadgita BAB III,1,152
153,26,34,"indriyasyendriyasyarthe 
raga-dvesau vyavasthitau
tayor na vasam agacchet
tau hy asya paripanthinau

Cinta dan benci dari indra-indra terhadap objek keinginan itu sendiri adalah alamiah; karenanya jangan menyerah dibawah pengaruhnya, sebab keduanya itu merupakan musuh belaka.",Bhagawadgita BAB III,1,153
154,26,35,"sreyan sva-dharmo vigunah
para-dharmat sv-anusthitat
sva-dharme nidhanam sreyah
para-dharmo bhayavahah

Lebih baik mengerjakan kewajiban sendiri walaupun tidak sempurna daripada dharmanya orang lain yang dilakukan dengan baik; lebih baik mati dalam tugas sendiri daripada daripada tugas orang lain yang sangat berbahaya.",Bhagawadgita BAB III,1,154
155,26,36,"Arjuna uvaca:
atha kena prayukto ’yam
papam carati purushah
anicchann api varsneya
balad iva niyojitah

Arjuna berkata:
Tetapi apakah yang mendorong orang berbuat dosa walau bertentangan dengan nuraninya, seolah-olah dengan paksa, wahai Varsneya.",Bhagawadgita BAB III,1,155
156,26,37,"Sri-bhagavan uvaca: 
kama esa krodha esa 
rajo-guna-samudbhavah 
mahasano maha-papma 
viddhy enam iha vairinam 

Sribagavan bersabda:
Itu adalah nafsu, amarah yang lahir dari rajaguna; sangat merusak, penuh dosa, ketahuilah bahwa keduanya ini adalah musuh yang ada di bumi ini.",Bhagawadgita BAB III,1,156
157,26,38,"dhumenavriyate vahnir 
yathadarso malena ca
yatholbenavrto garbhas
tatha tenedam avrtam

Bagaikan api yang diselubungi asap dan bagaikan cermin yang diliputi debu, bagaikan bayi yang terbungkus dalam kandungan, demikianlah Dia diselimuti olehnya.",Bhagawadgita BAB III,1,157
158,26,39,"avrtam jnanam etena 
jnanino nitya-vairina
kama-rupena kaunteya
duspurenanalena ca

Tertutuplah ilmu pengetahuan kebajikan itu oleh nafsu yang tidak puas-puasnya pada mereka, yang merupakan musuh utama, wahai Arjuna.",Bhagawadgita BAB III,1,158
159,26,40,"indriyani mano buddhir 
asyadhisthanam ucyate 
etair vimohayaty esa
jnanam avrtya dehinam 
 
Panca indra, pikiran dan kecerdasan adalah kendaraan baginya; dengan tertutupnya ilmu pengetahuan olehnya menyebabkan bingungnya jiwa dalam badan.",Bhagawadgita BAB III,1,159
160,26,41,"tasmat tvam indriyany adau 
niyamya bharatarsabha 
papmanam prajahi hy enam
jnana-vijnana-nasanam

Dari itu, pertama-tama kendalikanlah panca indramu dan basmilah nafsu yang penuh dosa, perusak segala pengetahuan dan kebijakan, wahai Arjuna yang baik.",Bhagawadgita BAB III,1,160
161,26,42,"indriyani parany ahur
indriyebhyah param manah 
manasas tu para buddhir 
yo buddheh paratas tu sah 

Orang mengatakan panca indra itu lebih besar daripada badan, lebih besar daripadanya adalah nurani, lebih besar dari nurani adalah intelek, tetapi lebih besar dari intelek adalah Dia (atman)",Bhagawadgita BAB III,1,161
162,26,43,"evam buddheh param buddhva 
samstabhyatmanam atmana
jahi satrum maha-baho
kama-rupam durasadam

Jadi dengan mengetahui Dia sebagai lebih agung dari kecerdasan, dengan mengendalikan sang diri dengan sang Diri, basmilah musuhmu dalam wujud hawa nafsu yang sulit ditundukkan, wahai Mahabahu. 


Disini berakhir bab ketiga dari Upanisad Bhabawadgita, ajaran tentang Brahmavidya dan Yogasastra, berupa percakapan antara Sri Krsna dan Arjuna yang berjudul:
KARMA YOGA",Bhagawadgita BAB III,1,162
163,27,1,"Sri-bhagavan uvaca: 
imam vivasvate yogam
proktavan aham avyayam
vivasvan manave praha
manur iksvakave ’bravit

Sri Bhagavan bersabda:
""Ajaran abadi itu aku turunkan kepada Vivasvan, Vivasvan menurunkan kepada Manu, dan Manu menurunkan kepada Ikscaku. """,Bhagawadgita BAB IV,1,163
164,27,2,"evam parampara-praptam
imam rajarsayo viduh
sa kaleneha mahata
yogo nastah parantapa

""Wahai Arjuna, demikianlah diteruskan turun temurun, para raja resi mengetahuinya; ajaran ini lengyap di dunia bersamaan dengan berlalunya masa yang amat panjang. """,Bhagawadgita BAB IV,1,164
165,27,3,"sa evayam maya te ’dya 
yogah proktah puratanah
bhakto ’si me sakha ceti
rahasyam hy etad uttamam

""Yoga yang tua itu pulalah yang Ku-ajarkan kepadamu sekarang sebab engkau adalah pengikut dan kawan Ku, sesungguhnya ini sangat rahasia.""",Bhagawadgita BAB IV,1,165
166,27,4,"Arjuna uvaca: 
aparam bhavato janma
param janma vivasvatah
katham etad vijaniyam
tvam adau proktavan iti

Arjuna berkata:
""KelahiranMu baru belakangan kini sedang kelahiran Visvavan adalah lebih dahulu, bagaimana aku dapat mengerti Engkau mengajarkannya pada mulanya? """,Bhagawadgita BAB IV,1,166
167,27,5,"Sri-bhagavan uvaca: 
bahuni me vyatitani
janmani tava carjuna
tany aham veda sarvani
na tvam vettha parantapa

Sri Bhagavan bersabda:
""Banyak kelahiran-Ku dimasa lalu demikian pula kelahiranmu Arjuna; semua ini Aku mengetahuinya tetapi Engkau sendiri tidak, wahai Arjuna. """,Bhagawadgita BAB IV,1,167
168,27,6,"ajo ’pi sann avyayatma
bhutanam isvaro ’pi san
prakritim svam adhisthaya
sambhavamy atma-mayaya

""Walau Aku tak terlahirkan, kekal, Aku adalah Isvara dari semua mahluk, aku menjadikan diriku sendiri dan menjadi ada dengan kekuatan maya-Ku.""",Bhagawadgita BAB IV,1,168
169,27,7,"yada yada hi dharmasya
glanir bhavati bharata
abhyutthanam adharmasya
tadatmanam srjamy aham

""Sesungguhnya dikala dharma berkurang kekuasaannya dan tirani hendak merajalela, wahai Arjuna, saat itu aku ciptakan diriku sendiri.""",Bhagawadgita BAB IV,1,169
170,27,8,"paritranaya sadhunam 
vinasaya ca duskritam 
dharma-samsthapanarthaya 
sambhavami yuge yuge 

""Untuk melindungi orang-orang baik dan untuk memusnahkan orang yang jahat, Aku lahir ke dunia dari masa ke masa untuk menegakkan Dharma.  """,Bhagawadgita BAB IV,1,170
171,27,9,"janma karma ca me divyam
evam yo vetti tattvatah
tyaktva deham punar janma
naiti mam eti so ’rjuna

""Dia yang mengetahui sifat ilahi-Ku ini dan bekerja dengan sifat kebenaran, tak akan menjelma lagi setelah meninggalkan badan jasmaninya dan datang kepada-Ku, wahai Arjuna. """,Bhagawadgita BAB IV,1,171
172,27,10,"vita-raga-bhaya-krodha
man-maya mam upasritah
bahavo jnana-tapasa
puta mad-bhavam agatah

""Terlepas dari hawa nafsu, rasa takut dan kemarahan, selain memikirkan-Ku dan berlindung pada-Ku, disucikan oleh pengetahuan, banyak yang telah mencapai sifat-Ku.""",Bhagawadgita BAB IV,1,172
173,27,11,"ye yatha mam prapadyante 
tams tathaiva bhajamy aham
mama vartmanuvartante
manushyah partha sarvasah

Bagaimanapun (jalan) manusia mendekati-Ku, aku terima wahai Arjuna. Manusia mengikuti jalan-Ku pada segala jalan.",Bhagawadgita BAB IV,1,173
174,27,12,"kanksantah karmanam siddhim
yajanta iha devatah
ksipram hi manuse loke
siddhir bhavati karma-ja

Mereka yang menginginkan keberhasilan yang timbul dari karma, ber-yajna didunia untuk para dewa, karena keberhasilan manusia segera terjadi dari karma, yang lahir dari pengorbanan.",Bhagawadgita BAB IV,1,174
175,27,13,"catur-varnyam maya srstam 
guna-karma-vibhagasah
tasya kartaram api mam
viddhy akartaram avyayam

Caturvarna (empat tatanan manusia) adalah ciptaan-Ku menurut pembagian kualitas dan kerja; tetapi ketahuilah bahwa walaupun aku penciptanya, Aku tak berbuat dan merubah diri-Ku.",Bhagawadgita BAB IV,1,175
176,27,14,"na mam karmani limpanti 
na me karma-phale sprha
iti mam yo ’bhijanati
karmabhir na sa badhyate

Karma tidak menodai-Ku, aku juga tidak mengharapkan pahala kerja. sesungguhnya mereka yang mengetahui hal seperti itu, ada pada-Ku, ia tidak lagi terikat oleh karma.",Bhagawadgita BAB IV,1,176
177,27,15,"evam jnatva kritam karma
purvair api mumuksubhih
kuru karmaiva tasmat tvam
purvaih purvataram kritam

Jadi dengan mengetahui ini, orang pada jaman dahulu telah melaksanakan perbuatan itu untuk mencapai moksa, karena itu engkau hendaknya bekerja seperti mereka kerjakan pada jaman dahulu.",Bhagawadgita BAB IV,1,177
178,27,16,"kim karma kim akarmeti
kavayo ’py atra mohitah
tat te karma pravaksyami
yaj jnatva moksyase ’subhat

Apakah karma itu dan apakah Akarma itu? para cendekiawanpun bingung. Ini akan Aku nyatakan dan setelah Engkau mengetahuinya, akan terbebas dari kejahatan.",Bhagawadgita BAB IV,1,178
179,27,17,"karmano hy api boddhavyam
boddhavyam ca vikarmanah
akarmanas ca boddhavyam
gahana karmano gatih

Orang harus mengerti tentang karma, demikian pula untuk membedakan tentang karma terlarang, demikian pula makna tidak ber-karma, karena sesungguhnya tidak jelas jalannya karma itu.",Bhagawadgita BAB IV,1,179
180,27,18,"karmany akarma yah pasyed
akarmani ca karma yah
sa buddhiman manusyesu
sa yuktah krtsna-karma-krt

Dia yang melihat tanpa kegiatan pada kegiatan kerja, kerja (karma) dalam tak kerja (akarma), ia sesungguhnya orang bijaksana diantara manusia, ia dikendalikan dan bekerja dengan sempurna.",Bhagawadgita BAB IV,1,180
181,27,19,"yasya sarve samarambhah 
kama-sankalpa-varjitah
jnanagni-dagdha-karmanam
tam ahuh panditam budhah

Ia yang bekerja dalam semua kerjanya tidak terikat oleh motif atau karma, yang karmanya terbakar oleh apinya pengetahuan, sesungguhnya orang bijaksana menamakannya pendeta.",Bhagawadgita BAB IV,1,181
182,27,20,"tyaktva karma-phalasangam 
nitya-trpto nirasrayah
karmany abhipravrtto ’pi
naiva kincit karoti sah

Menjauhkan diri dari keterikatan akan hasil perbuatan, selalu gembira, tak terikat kepada siapapun juga, walaupun ia tekun terus menerus bekerja, sesungguhnya ia tidak melakukan apa-apa.",Bhagawadgita BAB IV,1,182
183,27,21,"nirasir yata-cittatma
tyakta-sarva-parigrahah
sariram kevalam karma
kurvan napnoti kilbisam

Tanpa mengharapkan sesuatu apa dengan pikiran dan hati terkendalikan dan rela melepaskan segala miliknya, walaupun sibuk dalam kegiatan kerja jasmani, dia tidak berdosa.",Bhagawadgita BAB IV,1,183
184,27,22,"yadrccha-labha-santusto 
dvandvatito vimatsarah 
samah siddhav asiddhau ca 
kritvapi na nibadhyate 
 
Ia yang puas akan apa-apa yang diperoleh seadanya, bebas dari pertentangan dualisme; tidak iri hati, seimbang dalam keberhasilan dan kegagalan walaupun bekerja, ia tidak terikat.",Bhagawadgita BAB IV,1,184
185,27,23,"gata-sangasya muktasya 
jnanavasthita-cetasah
yajnayacaratah karma
samagram praviliyate

Yang bebas, terlepas dari ikatan pikiran, terpusat pada ilmu pengetahuan, melaksanakan kerja demi pengabdian, segala kerjanya akan luluh dengan sendirinya.",Bhagawadgita BAB IV,1,185
186,27,24,"brahmarpanam brahma havir
brahmagnau brahmana hutam
brahmaiva tena gantavyam
brahma-karma-samadhina 

Brahman adalah persembahan itu, Brahman adalah mentega, yang dipersembahkan kepada api Brahman, hanya kepada Brahmanlah ia yang mengetahui Brahman menghadap dalam kegiatan kerjanya.",Bhagawadgita BAB IV,1,186
187,27,25,"daivam evapare yajnam 
yoginah paryupasate
brahmagnav apare yajnam
yajnenaivopajuhvati

Beberapa orang yogi hanya mempersembahkan kurban kepada para dewa, yang lain mempersembahkan sang diri sebagai kurban oleh sang diri kedalam api Brahman.",Bhagawadgita BAB IV,1,187
188,27,26,"srotradinindriyany anye
samyamagnisu juhvati
shabdadin visayan anya 
indriyagnisu juhvati 

Beberapa orang mempersembahkan pendengaran dan indra lain sebagai kurban dalam api pengekangan, sementara yang lain mempersembahkan suara, obyek indra lainnya pada api indra.",Bhagawadgita BAB IV,1,188
189,27,27,"sarvanindriya-karmani 
prana-karmani capare
atma-samyama-yogagnau
juhvati jnana-dipite

Dan yang lain mengurbankan segala fungsi indra dan fungsi vitalitas (pernafasan), dalam api yang dinyalakan oleh pengetahuan dari yoga pengendalian diri.",Bhagawadgita BAB IV,1,189
190,27,28,"dravya-yajnas tapo-yajna
yoga-yajnas tathapare
svadhyaya-jnana-yajnas ca
yatayah samsita-vratah

Namun, ada yang ber yajna harta, beryajna tapa, beryajna yoga, dan yang lainnya ada pula yang beryajna dengan pengekangan diri, svandyaya, dan yajna dalam ilmu pengetahuan, demikianlah orang yang taat dalam tapanya dan terkendali.",Bhagawadgita BAB IV,1,190
191,27,29,"apane juhvati pranam
prane ’panam tathapare
pranapana-gati ruddhva
pranayama-parayanah
apare niyataharah
pranan pranesu juhvati

Adapula yang melakukan persembahan dengan pranayama, dengan mengendalikan keluar dan masuknya nafas, dengan tujuan mengendalikan arus prana dan apana, mereka berbuat sebagai kebaktian.",Bhagawadgita BAB IV,1,191
192,27,30,"sarve ’py ete yajna-vido 
yajna-ksapita-kalmasah 
yajna-sistamrita-bhujo 
yanti brahma sanatanam 
 
Lainnya, ada yang dengan mengendalikan makanan, mempersembahkan prana dalam prana, mereka ini semua yang mengetahui yajna itu, dengan yajna mereka melenyapkan dosa mereka.",Bhagawadgita BAB IV,1,192
193,27,31,"nayam loko ’sty ayajnasya
kuto ’nyah kuru-sattama

Mereka yang makan sisa persembahan, sebagai amrta, mencapai Brahman yang kekal abadi, dunia ini bukan bagi yang tidak beryajna apa pula dunia yang lain, wahai arjuna.",Bhagawadgita BAB IV,1,193
194,27,32,"evam bahu-vidha yajna 
vitata brahmano mukhe
karma-jan viddhi tan sarvan
evam jnatva vimoksyase

Banyak yang beraneka warna persembahan yajna bhakti dihaturkan kepada Brahman, semuanya itu berasal dari kerja; mengetahui ini, engkau akan mencapai moksa.",Bhagawadgita BAB IV,1,194
195,27,33,"sreyan dravya-mayad yajnaj 
jnana-yajnah parantapa 
sarvam karmakhilam partha 
jnane parisamapyate 

Persembahan berupa pengetahuan, wahai Arjuna, lebih mulia dari persembahan materi, dalam keseluruhannya semua kerja ini akan mendapatkan apa yang diinginkan dalam ilmu pengetahuan, wahai Partha.",Bhagawadgita BAB IV,1,195
196,27,34,"tad viddhi pranipatena 
pariprasnena sevaya
upadeksyanti te jnanam
jnaninas tattva-darshinah

Pelajarilah itu dalam sujud disiplin, dengan bertanya dan dengan pelayanan; orang bijaksana, yang melihat kebenaran, akan mengajarkan kepadamu pengetahuan itu.",Bhagawadgita BAB IV,1,196
197,27,35,"yaj jnatva na punar moham
evam yasyasi pandava
yena bhutany asesani
draksyasy atmany atho mayi

Setelah mengetahui segalanya ini, engkau tak kebingungan lagi, wahai Pandava, dengan demikian engkau melihat, tanpa kecuali, segala ciptaan dalam atmanmu, kemudian dalam Aku.",Bhagawadgita BAB IV,1,197
198,27,36,"api ced asi papebhyah
sarvebhyah papa-krt-tamah
sarvam jnana-plavenaiva
vrjinam santarisyasi

Walau seandainya engkau paling berdosa diantara manusia yang memikul dosa, dengan perahu ilmu pengetahuan ini, lautan dosa akan engkau seberangi.",Bhagawadgita BAB IV,1,198
199,27,37,"yathaidhamsi samiddho ’gnir 
bhasma-sat kurute ’rjuna
jnanagnih sarva-karmani
bhasma-sat kurute tatha

Bagaikan api menyala, wahai Arjuna yang membakar kayu api menjadi abu, demikian pula api ilmu pengetahuan membakar segala karma menjadi abu.",Bhagawadgita BAB IV,1,199
200,27,38,"na hi jnanena sadrsam 
pavitram iha vidyate
tat svayam yoga-samsiddhah
kalenatmani vindati

Tak ada sesuatupun didunia ini yang dapat menyamai kesucian ilmu pengetahuan; mereka yang sempurna dalam yoga akan memenuhi dirinya sendiri dalam jiwanya pada waktunya.",Bhagawadgita BAB IV,1,200
201,27,39,"shraddhaval labhate jnanam 
tat-parah samyatendriyah
jnanam labdhva param shantim
acirenadhigacchati

Ia yang memiliki kepercayaan, mengabdi dan menguasai panca indranya, memperoleh ilmu pengetahuan; dengan memiliki ilmu pengetahuan ia menemui kedamaian abadi.",Bhagawadgita BAB IV,1,201
202,27,40,"ajnas casraddadhanas ca
samsayatma vinasyati 
nayam loko ’sti na paro 
na sukham samsayatmanah 
 
Tetapi mereka yang dungu dan tidak percaya dan bersifat ragu, akan hancur binasa, baginya tidak ada kebahagiaan, tak ada dunia ini, demikian juga tak ada di dunia sana,",Bhagawadgita BAB IV,1,202
203,27,41,"yoga-sannyasta-karmanam
jnana-sanchinna-samsayam 
atmavantam na karmani
nibadhnanti dhananjaya 

Ia yang melepaskan kegiatan kerja dalam yoga, yang keragu-raguannya telah disirnakan oleh ilmu pengetahuan, wahai Dhananjaya (Arjuna) yang bersandar pada sang diri, sesungguhnya kegiatan kerja tidak lagi membelenggunya.",Bhagawadgita BAB IV,1,203
204,27,42,"tasmad ajnana-sambhutam 
hrt-stham jnanasinatmanah
chittvainam samsayam yogam
atisthottistha bharata

Olehh karena itu, setelah memotong keraguan dalam hatimu karena ketidaktahuan dengan pedangnya ilmu pengetahuan, berpegang teguh pada yoga, bangkitlah, wahai Bharata. 


Disini berakhir bab ke-empat dari Upanisad Bhagavadgita, ajaran tentang Brahmavidya dan Yogasastra, berupa percakapan antara Sri Krsna dan Arjuna yang berjudul :
""Jnana Yogah""",Bhagawadgita BAB IV,1,204
205,28,1,"Arjuna uvaca:
sannyasam karmanam krishna
punar yogam ca samsasi
yac chreya etayor ekam
tan me bruhi su-niscitam

Arjuna berkata:
Engkau memuji meninggalkan kegiatan kerja dan melakukan kerja tanpa pamrih (yoga), katakanlah kepadaku dengan pasti, manakah yang lebih baik diatara keduanya, wahai Krsna.",Bhagawadgita BAB V,1,205
206,28,2,"Sri-bhagavan uvaca:
sannyasah karma-yogas ca
nihsreyasa-karav ubhau
tayos tu karma-sannyasat
karma-yogo visisyate

Sri Bhagavan menjawab:
Melakukan sannyasa dan menjalankan yoga keduanya membawa kebahagiaan tertinggi tetapi diantara keduanya ini, melakukan karma yoga lebih baik daripada meninggalkan kegiatan kerja.",Bhagawadgita BAB V,1,206
207,28,3,"jneyah sa nitya-sannyasi 
yo na dvesti na kanksati
nirdvandvo hi maha-baho
sukham bandhat pramucyate

Ketahuilah, Ia yang disebut samnyasi senantiasa adalah dia yang tidak membenci dan tidak berkeinginan, bebas dari dualisme, oh Mahabahu, dengan mudah (ia) terlepas dari belenggu (karma)",Bhagawadgita BAB V,1,207
208,28,4,"sankhya-yogau prithag balah
pravadanti na panditah
ekam apy asthitah samyag
ubhayor vindate phalam

Anak-anak, yang mengatakan bahwa samkhya dan yoga berbeda, bukan orang yang arif bijaksana. Sesungguhnya dia yang melaksanakan salah satu daripadanya akan memetik pahala dari keduanya.",Bhagawadgita BAB V,1,208
209,28,5,"yat sankhyaih prapyate sthanam
tad yogair api gamyate
ekam sankhyam ca yogam ca
yah pasyati sa pasyati

Tempat yang diperoleh oleh seorang Sankhya, itu juga yang dicapai oleh seorang yogi; Dia yang melihat Sankhya dan yoga satu kesatuan, ia yang melihat dengan benar.",Bhagawadgita BAB V,1,209
210,28,6,"sannyasas tu maha-baho
duhkham aptum ayogatah
yoga-yukto munir brahma
na cirenadhigacchati

Tetapi Samnyasa tanpa yoga sungguh sukar dicapai, wahai Mahabahu, seorang muni yang dilengkapi dengan karma yoga mencapai Brahman dengan segera.",Bhagawadgita BAB V,1,210
211,28,7,"yoga-yukto vishuddhatma 
vijitatma jitendriyah
sarva-bhutatma-bhutatma 
kurvann api na lipyate

Dia yang melaksanakan yoga, berjiwa suci, menguasai diri, menaklukan panca indra Rohnya adalah roh semua mahluk, walaupun ia bekerja, tidak terpengaruh (oleh kerja)",Bhagawadgita BAB V,1,211
212,28,8,"naiva kincit karomiti
yukto manyeta tattva-vit
pasyan shrinvan sprsan jighrann
asnan gacchan svapan svasan

Ia yang mengikuti jalan karma yoga, yang mengetahui hakekat kebenaran itu, berpikir:""Aku sebenarnya tidak berbuat apa-apa"" walaupun dengan melihat, mendengar, meraba,makan, pergi, tidur, bernafas.",Bhagawadgita BAB V,1,212
213,28,9,"pralapan visrjan grhnann
unmisan nimisann api
indriyanindriyarthesu
vartanta iti dharayan

Tatkala berbbicara, mengeluarkan, menggenggam, membuka dan memejamkan mata, ia beranggapan, hanya panca indria belaka yang bergerak diantara objek-objek indra.",Bhagawadgita BAB V,1,213
214,28,10,"brahmany adhaya karmani
sangam tyaktva karoti yah
lipyate na sa papena
padma-patram ivambhasa

Mereka mempersembahkan semua kerjanya, kepada brahman, berbuat tanpa motif keinginan apa-apa, tak terjamah oleh dosa papa, laksana daun teratai oleh air.",Bhagawadgita BAB V,1,214
215,28,11,"kayena manasa buddhya 
kevalair indriyair api
yoginah karma kurvanti
sangam tyaktvatma-shuddhaye

Para yogi terlibat dalam bekerja mempergunakan badan, pikiran, akal budhi dan bahkan dengan panca indra mereka, hanya untuk pensucian diri dengan menanggalkan keterikatan.",Bhagawadgita BAB V,1,215
216,28,12,"yuktah karma-phalam tyaktva
shantim apnoti naisthikim
ayuktah kama-karena
phale sakto nibadhyate

Seorang yogi yang taat melakukan karma akan mencapai kedamaian abadi, dengan melepaskan keterikatan pada pahala, tetapi siapa yang tidak mentaati karma, karena dipengaruhi oleh keinginannya, akan terbelenggu pada pahala karma itu.",Bhagawadgita BAB V,1,216
217,28,13,"sarva-karmani manasa
sannyasyaste sukham vasi
nava-dvare pure dehi
naiva kurvan na karayan

Dengan menanggalkan segala kegiatan kerja secara mental, dengan menguasai sang diri, jiwa yang bertahta dengan damai disembilan gerbang itu, tiada bekerja, pun tidak menyebabkan kerja.",Bhagawadgita BAB V,1,217
218,28,14,"na kartrtvam na karmani 
lokasya srjati prabhuh
na karma-phala-samyogam
svabhavas tu pravartate

Yang Maha Kuasa tidak menciptakan pelaku kerja, demikian juga berbuat untuk dunia dan tidak menghubungkan kerja dengan pahalanya; ini sebenarnya adalah kegiatan dari sifat kerja itu sendiri.",Bhagawadgita BAB V,1,218
219,28,15,"nadatte kasyacit papam
na caiva sukritam vibhuh
ajnanenavrtam jnanam
tena muhyanti jantavah

Tuhan seru sekalian alam tidak menerima dosa maupun kebajikan seseorang manusia; budi pekerti yang diselubungi ketidaktahuanlah yang menyebabkan mahluk tersesat dijalan.",Bhagawadgita BAB V,1,219
220,28,16,"jnanena tu tad ajnanam
yesham nasitam atmanah
tesham aditya-vaj jnanam
prakasayati tat param

Tetapi mereka yang ketidak tahuannya dilenyapkan oleh pengetahuan tentang atman, sesungguhnya pengetahuan itu bercahaya bagaikan matahari memperlihatkan Yang Maha Tinggi.",Bhagawadgita BAB V,1,220
221,28,17,"tad-buddhayas tad-atmanas
tan-nisthas tat-parayanah
gacchanty apunar-avrttim
jnana-nirdhuta-kalmasah

Mereka yang memikirkan-Nya, menyerahkan seluruh jiwa kepada-Nya, menjadikan-Nya tujuan utama, memuja hanya kepada-Nya, akan pergi tidak kembali, dan dosa mereka dihapus oleh pengetahuan itu.",Bhagawadgita BAB V,1,221
222,28,18,"vidya-vinaya-sampanne 
brahmane gavi hastini
suni caiva sva-pake ca
panditah sama-darsinah

Orang arif bijaksana melihat semuanya sama, baik brahmana budiman dan rendah hati maupun seekor sapi, gajah dan anjing ataupun orang hina papa, tanpa kasta.",Bhagawadgita BAB V,1,222
223,28,19,"ihaiva tair jitah sargo
yesham samye sthitam manah
nirdosam hi samam brahma
tasmad brahmani te sthitah

Bahkan didunia ini sekalipun, kelahiran diatasi oleh mereka yang pikirannya sama seimbang, karena sesungguhnya Brahman adalah sempurna dan sama. Karena itu merekapun ada dalam Brahman.",Bhagawadgita BAB V,1,223
224,28,20,"na prahrsyet priyam prapya
nodvijet prapya capriyam
sthira-buddhir asammudho
brahma-vid brahmani sthitah

(Dia) tidak bergirang menerima suka dan juga tidak bersedih menerima duka, tetap dalam kebijaksanaan teguh iman, mengetahui Brahman, bersatu dalam Brahman.",Bhagawadgita BAB V,1,224
225,28,21,"bahya-sparsesv asaktatma
vindaty atmani yat sukham
sa brahma-yoga-yuktatma
sukham akshayam asnute

Dengan jiwa yang tak lagi berhubungan dengan duniawi, dia menemui kebahagiaan dalam diri-Nya; dia yang mengabdikannya pada meditasi Brahman, akan menikmati kebahagiaan abadi, jiwanya bersatu dengan Brahman.",Bhagawadgita BAB V,1,225
226,28,22,"ye hi samsparsha-ja bhoga
duhkha-yonaya eva te
ady-antavantah kaunteya
na tesu ramate budhah

Kenikmatan berasal dari hubungan dengan duniawi hanya merupakan seuber pendekatan belaka, ada awal dan akhirnya, wahai arjuna, seorang budiman tak tertarik pada semua ini.",Bhagawadgita BAB V,1,226
227,28,23,"saknotihaiva yah sodhum
prak sarira-vimokshanat
kama-krodhodbhavam vegam
sa yuktah sa sukhi narah

Dia yang mampu menahan kecenderungan keinginan dan amarah didunia ini, sebelum meninggalkan jasad raganya, dia adalah yogi, dia adalah orang yang bahagia.",Bhagawadgita BAB V,1,227
228,28,24,"yo ’ntah-sukho ’ntar-aramas
tathantar-jyotir eva yah
sa yogi brahma-nirvanam
brahma-bhuto ’dhigacchati

Dia yang menemukan kebahagiaan pada dirinya, dan tentram pada dirinya, cahaya ada pada dirinya, hanya yogi semacam ini yang menjadi suci, mencapai nirvana bersatu dengan Brahman.",Bhagawadgita BAB V,1,228
229,28,25,"labhante brahma-nirvanam
rsayah ksina-kalmasah
chinna-dvaidha yatatmanah
sarva-bhuta-hite ratah

Orang suci yang dosanya telah dimusnahkan, keragu-raguannya dihapuskan, pikirannya dipusatkan, kebahagiaannya berbuat kebajikan bagi mahluk semua, dia akan mencapai nirvana bersatu dengan Brahman",Bhagawadgita BAB V,1,229
230,28,26,"kama-krodha-vimuktanam
yatinam yata-cetasam
abhito brahma-nirvanam
vartate viditatmanam

Brahman nirvana berada dimana-mana, bagi bhakta yang bebas dari nafsu dan murka, yang telah menundukkan pikirannya dan mengetahui sang diri.",Bhagawadgita BAB V,1,230
231,28,27,"sparshan kritva bahir bahyams
caksus caivantare bhruvoh
pranapanau samau kritva
nasabhyantara-carinau

Memutuskan hubungan dengan objek luar, memusatkan pandangan mata diantara kening, melakukan pranayama melalui kedua lubang hidung dengan seimbang.",Bhagawadgita BAB V,1,231
232,28,28,"yatendriya-mano-buddhir
munir moksha-parayanah
vigateccha-bhaya-krodho
yah sada mukta eva sah

Menguasai panca indria, pikiran dan kecerdasan, seorang Muni yang berhasrat mencapai kelepasan, membuang jauh nafsu, takut dan murka, mereka akan mencapai kelepasan yang abadi.",Bhagawadgita BAB V,1,232
233,28,29,"bhoktaram yajna-tapasam
sarva-loka-maheshvaram
suhridam sarva-bhutanam
jnatva mam shantim rcchati

Dengan mengetahui Aku sebagai penerima Yajna dan tapa, Tuhan Seru Sekalian Alam, pencipta mahluk semua, ia mencapai kedamaian abadi. 


Disini berakhir bab kelima dari Upanisad Bhagawadgita ajaran tentang Brahmavidya dan Yogasastra, berupa percakapan antara Sri Krsna dan Arjuna yang berjudul:
""KARMA SAMNYASA YOGAH""",Bhagawadgita BAB V,1,233
234,29,1,"Sri-bhagavan uvaca: 
anasritah karma-phalam
karyam karma karoti yah
sa sannyasi ca yogi ca
na niragnir na cakriyah

Sri Bhagawan berkata:
Dia yang melakukan kewajibannya tanpa mencari karmapala, dia adalah seorang samnyasi dan juga seorang yogi; bukannya dia yang tidak menyalakan api suci ataupun yang tidak melakukan upacara kurban.",Bhagawadgita BAB VI,1,234
235,29,2,"yam sannyasam iti prahur
yogam tam viddhi pandava
na hy asannyasta-sankalpo
yogi bhavati kascana

Yang dinamakan samnyasa ini adalah sama dengan melaksanakan yoga, wahai Pandawa, tak seorangpun bisa jadi yogi tanpa meninggalkan nafsu keinginan pribadi.",Bhagawadgita BAB VI,1,235
236,29,3,"aruruksor muner yogam
karma karanam ucyate
yogarudhasya tasyaiva
samah karanam ucyate

Bagi seorang muni yang ingin mencapai yoga, kegiatan kerja disebut sebagai alatnya; bagi mereka yang telah mencapai yoga, ketentramanlah yang disebut menjadi alatnya.",Bhagawadgita BAB VI,1,236
237,29,4,"yada hi nendriyarthesu
na karmasv anusajjate
sarva-sankalpa-sannyasi
yogarudhas tadocyate

Bila merasa benar-benar bebas dari ikatan obyek panca indra atau kegiatan kerja, dan mereka melepaskan segala niat keinginan, maka ia dikatakan mencapai yoga.",Bhagawadgita BAB VI,1,237
238,29,5,"uddhared atmanatmanam
natmanam avasadayet
atmaiva hy atmano bandhur
atmaiva ripur atmanah

Biarlah dia mengangkat jiwanya dengan jiwanya sendiri, janganlah jiwanya menjerumuskan dirinya, sebab hanya jiwalah teman jiwanya dan hanya jiwalah musuh jiwanya.",Bhagawadgita BAB VI,1,238
239,29,6,"bandhur atmatmanas tasya
yenatmaivatmana jitah
anatmanas tu satrutve
vartetatmaiva satru-vat

Bagi mereka yang telah mampu menundukkan atman (lebih rendah) dengan atman (ilahi), atmannya itu merupakan temannya;<br\> tetapi bagi mereka yang belum mampu menundukkan atmannya itu, maka atmannya itu bahkan seperti seorang musuh.",Bhagawadgita BAB VI,1,239
240,29,7,"jitatmanah prashantasya
paramatma samahitah
sitosna-sukha-duhkhesu
tatha manapamanayoh

Orang yang dapat menguasai jiwanya, yang mencapai ketenangan paratman, akan tetap seimbang terhadap panas dan dingin, terhadap suka dan duka, terhadap pujian dan cacian.",Bhagawadgita BAB VI,1,240
241,29,8,"jnana-vijnana-trptatma
kuta-stho vijitendriyah
yukta ity ucyate yogi
sama-lostrasma-kancanah

Yogi yang terpuaskan oleh pengetahuan spiritual dan kebijaksanaan, tak tergoyahkan, dengan panca indranya terkuasai, yang baginya melihat segumpal tanah, batu dan emas dikatakan sama, ialah seorang yogi yang mantap (teguh).",Bhagawadgita BAB VI,1,241
242,29,9,"suhrn-mitrary-udasina
madhyastha-dvesya-bandhusu
sadhusv api ca papesu
sama-buddhir visisyate

Dia yang melihat sama dengan antara yang dicintai, teman dan lawan, tidak memihak, yang netral dan penengah, terhadap yang dibenci dan keluarga, antara orang suci dan pendosa, dialah orang utama.",Bhagawadgita BAB VI,1,242
243,29,10,"yogi yunjita satatam
atmanam rahasi sthitah
ekaki yata-cittatma
nirasir aparigrahah

Hendaknya seorang yogi selalu berusaha untuk memusatkan pikirannya ditempat terpencil sendirian, setelah menguasai pikirannya dan raganya bebas dari nafsu keinginan dan kemilikan.",Bhagawadgita BAB VI,1,243
244,29,11,"sucau dese pratishthapya
sthiram asanam atmanah
naty-ucchritam nati-nicam
cailajina-kusottaram

Dengan teguh duduk ditempat yang bersih, diatur untuk dirinya tidak tinggi dan juga tidak rendah dialasi dengan rumput suci kusa (alang-alang), ditutupi dengan kulit rusa dan kain.",Bhagawadgita BAB VI,1,244
245,29,12,"tatraikagram manah kritva
yata-cittendriya-kriyah
upavisyasane yunjyad
yogam atma-vishuddhaye

Disana, dengan memusatkan pikiran ke satu titik, mengendalikan kemampuan pikiran dan kerja panca indra, duduk di atas tempat duduknya, melaksanakan yoga, guna mensucikan jiwa.",Bhagawadgita BAB VI,1,245
246,29,13,"samam kaya-siro-grivam
dharayann acalam sthirah
sampreksya nasikagram svam
disas canavalokayan

Dengan badan, kepala dan leher tegak duduk diam tiada bergerak-gerak, tetap memandang ke ujung hidungnya dan tanpa menoleh-noleh ke sekitarnya.",Bhagawadgita BAB VI,1,246
247,29,14,"prashantatma vigata-bhir
brahmacari-vrate sthitah
manah samyamya mac-citto
yukta asita mat-parah

Tenang, tanpa rasa takut, teguh melakukan pembujangan, menundukkan pikirannya, ia hendaknya duduk melakukan yoga dengan memikirkan Aku dan hanya memperhatikan Aku saja.",Bhagawadgita BAB VI,1,247
248,29,15,"yunjann evam sadatmanam
yogi niyata-manasah
shantim nirvana-paramam
mat-samstham adhigacchati

Dengan selalu melatih pengendalian demikian, yogi yang telah menaklukkan pikirannya mencapai nirwana, kedamaian abadi tertinggi, bersemayam pada diri-Ku.",Bhagawadgita BAB VI,1,248
249,29,16,"naty-asnatas ’tu yogo ’sti
na caikantam anasnatah
na cati-svapna-silasya
jagrato naiva carjuna

Sesungguhnya yoga bukanlah bagi orang yang makan terlalu banyak atau puasa terlalu banyak, wahai Arjuna, juga bukan orang yang tidur terlalu banyak atau melek terlalu banyak.",Bhagawadgita BAB VI,1,249
250,29,17,"yuktahara-viharasya
yukta-cestasya karmasu
yukta-svapnavabodhasya
yogo bhavati duhkha-ha

Bagi yang tidak berlebihan dalam hal makan dan rekreasi, yang sewajar-wajarnya saja dalam kegiatan kerjanya, yang tidur dan bangunnya teratur, yoga akan menjadi penghapus dukanya.",Bhagawadgita BAB VI,1,250
251,29,18,"yada viniyatam cittam
atmany evavatisthate
nisprhah sarva-kamebhyo
yukta ity ucyate tada

Bila pikirannya telah terkendalikan hanya bersandar pada atman saja, bebas dari segala keinginan akan objek-objek indra, maka ia dikatakan berhasil dalam yoga.",Bhagawadgita BAB VI,1,251
252,29,19,"yatha dipo nivata-stho
nengate sopama smrta
yogino yata-cittasya
yunjato yogam atmanah

""Seperti lampu di tempat tak berangin nyalanya tak berkedip"" inilah perumpamaan yang digunakan bagi pikiran yang terkendali bagi seorang yogi yang melatih kosentrasi pada sang diri.",Bhagawadgita BAB VI,1,252
253,29,20,"yatroparamate cittam
niruddham yoga-sevaya
yatra caivatmanatmanam
pasyann atmani tusyati

Bilamana pikiran, yang telah didisiplinkan dengan pelaksanaan yoga, memperoleh ketenangan , dan kemudian dengan memandang sang Diri dengan diri, maka ia terpuaskan dengan sang Diri.",Bhagawadgita BAB VI,1,253
254,29,21,"sukham atyantikam yat tad
buddhi-grahyam atindriyam
vetti yatra na caivayam
sthitas calati tattvatah

Bila ia merasakan kebahagiaan tertinggi yang diterima oleh intelek dan yang mengatasi panca indra, dan dari sana ia termantapkan, dan tak akan pernah berpindah lagi dari realitas (kebenaran)",Bhagawadgita BAB VI,1,254
255,29,22,"yam labdhva caparam labham
manyate nadhikam tatah
yasmin sthito na duhkhena
gurunapi vicalyate

Dengan tercapainya apa yang dipikirkannya tak ada lagi yang lebih mulia daripada itu yang dapat dicapai, disana ia menjadi mantap tak tergoyahkan oleh duka terberat sekalipun.",Bhagawadgita BAB VI,1,255
256,29,23,"tam vidyad duhkha-samyoga
viyogam yoga-samjnitam
sa niscayena yoktavyo
yogo ’nirvinna-cetasa

Supaya diketahui bahwa yang dinamakan yoga, adalah putusnya hubungan dengan penderitaan, yoga ini harus dilaksanakan dengan keteguhan hati dan pikiran yang mantap.",Bhagawadgita BAB VI,1,256
257,29,24,"sankalpa-prabhavan kamams
tyaktva sarvan asesatah
manasaivendriya-gramam
viniyamya samantatah

Dengan menanggalkan segala nafsu keinginan untuk diri pribadi tanpa terkecuali dan mengendalikan semua panca indra melalui pikiran dari semua jurusan.",Bhagawadgita BAB VI,1,257
258,29,25,"sanaih sanair uparamed
buddhya dhrti-grhitaya
atma-samstham manah kritva
na kincid api cintayet

Dengan berpegang pada keseimbangan akal, ia harus dapat mencapai ketenangan sedikit demi sedikit dengan menambatkan pikiran pada atman (sang diri) tidak memikirkan apapun yang lain.",Bhagawadgita BAB VI,1,258
259,29,26,"yato yato niscalati
manas cancalam asthiram
tatas tato niyamyaitad
atmany eva vasam nayet

Apapun yang menyebabkan pikiran berubah-ubah, tidak tetap, mengembara kemana-mana, cobalah usahakan supaya mengendalikan pikiran itu sendiri dibawah pengawasan Atman.",Bhagawadgita BAB VI,1,259
260,29,27,"prashanta-manasam hy enam
yoginam sukham uttamam
upaiti santa-rajasam
brahma-bhutam akalmasam

Sesungguhnya kebahagiaan tertinggi datang pada yogi yang pikirannya tentram-damai, yang hawa nafsunya tiada lagi, tiada noda, bersatu dengan Brahman.",Bhagawadgita BAB VI,1,260
261,29,28,"yunjann evam sadatmanam
yogi vigata-kalmasah
sukhena brahma-samsparsham
atyantam sukham asnute

Dengan selalu menyibukkan pikiran seperti ini, maka yogi yang telah bebas dari dosa, dengan mudah mengadakan hubungan yang mendalam dengan Brahman.",Bhagawadgita BAB VI,1,261
262,29,29,"sarva-bhuta-stham atmanam
sarva-bhutani catmani
iksate yoga-yuktatma
sarvatra sama-darshanah

Dia yang melihat Atma ada pada semua insan dan semua insan ada pada Atman, dimana-mana ia melihat yang sama, adalah dia yang jiwanya terselaraskan dalam yoga.",Bhagawadgita BAB VI,1,262
263,29,30,"yo mam pasyati sarvatra
sarvam ca mayi pasyati
tasyaham na pranasyami
sa ca me na pranasyati

Dia yang melihat Aku dimana-mana dan melihat segalanya ada pada-Ku. Aku tak bisa lepas daripadanya dan dia tidak bisa lepas dari pada-Ku.",Bhagawadgita BAB VI,1,263
264,29,31,"sarva-bhuta-sthitam yo mam
bhajaty ekatvam asthitah
sarvatha vartamano ’pi
sa yogi mayi vartate

Dia yang memuja aku yang bersemayam di semua insan, dengan tujuan manunggal, yogi yang demikian itu dapat tinggal dalam diri-Ku, walau bagaimanapun cara hidupnya.",Bhagawadgita BAB VI,1,264
265,29,32,"atmaupamyena sarvatra
samam pasyati yo ’rjuna
sukham va yadi va duhkham
sa yogi paramo matah

Yogi yang dianggap tertinggi adalah yang melihat dimana-mana sama Atman itu sebagai atman-nya sendiri, wahai Arjuna, baik dalam suka maupun dalam duka.",Bhagawadgita BAB VI,1,265
266,29,33,"Arjuna uvaca:
yo ’yam yogas tvaya proktah
samyena madhusudana
etasyaham na pasyami
cancalatvat sthitim sthiram

Arjuna berkata:
Yoga yang Engkau nyatakan ini sebagai suatu keseimbangan pikiran, wahai Krsna, saya tidak melihat dasar yang pasti karena kegelisahan pikiran itu.",Bhagawadgita BAB VI,1,266
267,29,34,"cancalam hi manah krishna
pramathi balavad drdham
tasyaham nigraham manye
vayor iva su-duskaram

Wahai Krsna, pikiran itu sungguh gelisah, bergejolak, kuat dan keras, (dan) sangat liar, kuat dan tak mudah dibelokkan karena sukar dikendalikan, seperti halnya mengendalikan angin.",Bhagawadgita BAB VI,1,267
268,29,35,"Sri-bhagavan uvaca:
asamsayam maha-baho
mano durnigraham calam
abhyasena tu kaunteya
vairagyena ca grhyate

Krsna bersabda:
Tidak dapat diragukan lagi, wahai Arjuna, pikiran itu berubah-ubah, sukar ditaklukkan, tapi ia bisa dikendalikan, wahai Arjuna, dengan membiasakan diri dan vairagya (tanpa keterikatan)",Bhagawadgita BAB VI,1,268
269,29,36,"asamyatatmana yogo
dusprapa iti me matih
vasyatmana tu yatata
sakyo ’vaptum upayatah

Aku percaya, yoga sukar dicapai oleh orang yang tak bisa mengendalikan diri, tetapi ia yang dapat dicapai dengan mengendalikan diri dan usaha melalui cara yang benar.",Bhagawadgita BAB VI,1,269
270,29,37,"Arjuna uvaca: 
ayatih shraddhayopeto
yogac calita-manasah
aprapya yoga-samsiddhim
kam gatim krishna gacchati

Arjuna berkata:
Orang yang tak dapat menguasai diri tetapi mempunyai keyakinan, yang pikirannya mengembara tak terkendali, yang gagal mencapai kesempurnaan yoga, lalu kemana perginya, wahai Krsna, apakah yang diperolehnya?",Bhagawadgita BAB VI,1,270
271,29,38,"kaccin nobhaya-vibhrastas
chinnabhram iva nasyati
apratistho maha-baho
vimudho brahmanah pathi

Gagal dari keduanya, bukankah ia bagaikan tebaran awan, musnah dan dengan tanpa pegangan, wahai Arjuna, bingung dijalan menuju Brahman?",Bhagawadgita BAB VI,1,271
272,29,39,"etan me samsayam krishna
chettum arhasy asesatah
tvad-anyah samsayasyasya
chetta na hy upapadyate

Wahai Krsna, lenyapkanlah keragu-raguan saya ini, sebab tak seorangpun kecuali Engkau yang dapat memusnahkan keragu-raguan ini.",Bhagawadgita BAB VI,1,272
273,29,40,"Sri-bhagavan uvaca: 
partha naiveha namutra 
vinasas tasya vidyate 
na hi kalyana-krt kascid 
durgatim tata gacchati

Sri Bhagawan bersabda: 
Baik dalam hidup ini dan juga nantinya, tak akan ada kebinasaan baginya, wahai Arjuna, sebab orang-orang yang berbuat kebajikan, anakku, tak akan pernah menemui kesedihan.",Bhagawadgita BAB VI,1,273
274,29,41,"prapya punya-kritam lokan
usitva sasvatih samah
sucinam srimatam gehe
yoga-bhrasto ’bhijayate

Setelah mencapai dunia kebajikan dan hidup disana dalam waktu yang lama, orang yang gagal dalam melaksanakan yoga lahir kembali dalam keluarga suci dan bahagia.",Bhagawadgita BAB VI,1,274
275,29,42,"atha va yoginam eva
kule bhavati dhimatam
etad dhi durlabhataram
loke janma yad idrsam

Atau ia yang lahir dalam keluarga Yogi yang diberkahi dengan kebijakan, karena kelahiran ini sungguh sukar dicapai di dunia ini.",Bhagawadgita BAB VI,1,275
276,29,43,"tatra tam buddhi-samyogam
labhate paurva-dehikam
yatate ca tato bhuyah
samsiddhau kuru-nandana

Disana ia menemukan kembali pengetahuan yang diperoleh pada kehidupan terdahulunya dan kemudian ia berusaha lebih keras lagi untuk mencapai kesempurnaan, wahai putra wangsa Kuru",Bhagawadgita BAB VI,1,276
277,29,44,"purvabhyasena tenaiva<
hriyate hy avaso ’pi sah
jijnasur api yogasya
shabda-brahmativartate

Dengan pengalaman dimasa lampau itu, ia dipaksa untuk meneruskannya, bahkan dengan keinginan untuk mengetahui yoga, ia meningkat lebih tinggi dari sabda Brahma, (Ia melampaui kitab-kitab suci Veda)",Bhagawadgita BAB VI,1,277
278,29,45,"prayatnad yatamanas tu
yogi samshuddha-kilbisah
aneka-janma-samsiddhas
tato yati param gatim

Yogi yang berusaha terus sekuat hati menghapus segala dosa dengan sungguh-sungguh, yang disempurnakan melalui berbagai kelahiran, kemudian ia mencapai tujuan tertinggi.",Bhagawadgita BAB VI,1,278
279,29,46,"tapasvibhyo ’dhiko yogi
jnanibhyo ’pi mato ’dhikah
karmibhyas cadhiko yogi
tasmad yogi bhavarjuna

Seorang yogi lebih besar dari pertapa dan bahkan ia lebih mulia daripada sarjana, lebih utama dari melakukan yajna, karenanya, jadilah yogi, wahai Arjuna.",Bhagawadgita BAB VI,1,279
280,29,47,"yoginam api sarvesam
mad-gatenantar-atmana
shraddhavan bhajate yo mam
sa me yuktatamo matah

Diantara semua yogi yang dengan penuh kepercayaan memuja Aku, dengan jiwa terdalamnya bergabung pada-Ku, ia kuanggap paling berbakti. 


Disini berakhir bab ke-enam dari Upanisad Bhagawadgia, ajaran tentang Brahmavidya dan Yogasastra, berupa percakapan antara Sri Krsna dan Arjuna yang berjudul :
 ""DHYANA YOGAH""",Bhagawadgita BAB VI,1,280
281,30,1,"Sri-bhagavan uvaca:
mayy asakta-manah partha
yogam yunjan mad-asrayah
asamsayam samagram mam
yatha jnasyasi tac chrnu

Sri Bhagavan Bersabda:
Sekarang dengarlah wahai Arjuna, dengan pikiranmu terpaku pada-Ku, dengan berlindung kepada-Ku, dan dengan melaksanakan Yoga, tanpa diragukan lagi engkau akan mengenal Aku sepenuhnya.",Bhagawadgita BAB VII,1,281
282,30,2,"jnanam te ’ham sa-vijnanam
idam vaksyamy asesatah
yaj jnatva neha bhuyo ’nyaj
jnatavyam avasisyate

Kepadamu akan Kuajarkan selengkapnya tentang realisasi yang digabungkan dengan ilmu pengetahuan, yang setelah semuanya diketahui, tak ada lagi sisanya yang perlu diketahui.",Bhagawadgita BAB VII,1,282
283,30,3,"manushyanam sahasresu
kascid yatati siddhaye
yatatam api siddhanam
kascin mam vetti tattvatah

Diantara beribu-ribu manusia hampir tak seorangpun yang mengejar kesempurnaan dan diantara mereka yang berhasil hampir tak seorang yang mengenal Aku dalam kebenaran.",Bhagawadgita BAB VII,1,283
284,30,4,"bhumir apo ’nalo vayuh
kham mano buddhir eva ca
ahankara itiyam me
bhinna prakritir astadha

Tanah, Air, Api, Udara, ether, pikiran, budhi dan ego merupakan delapan unsur alam-Ku yang terpisah.",Bhagawadgita BAB VII,1,284
285,30,5,"apareyam itas tv anyam
prakritim viddhi me param
jiva-bhutam maha-baho
yayedam dharyate jagat

Inilah prakrti-Ku yang lebih rendah, tetapi berbeda dengannya, ketahuilah prakrti-Ku yang lebih tinggi, wahai Arjuna. unsur hidup yaitu jiwa yang mendukung alam semesta ini.",Bhagawadgita BAB VII,1,285
286,30,6,"etad-yonini bhutani
sarvanity upadharaya
aham krtsnasya jagatah
prabhavah pralayas tatha

Ketahuilah bahwa keduanya ini merupakan kandungan dari semua mahluk; dan aku adalah asal mula dan leburnya alam semesta raya ini.",Bhagawadgita BAB VII,1,286
287,30,7,"mattah parataram nanyat
kincid asti dhananjaya
mayi sarvam idam protam
sutre mani-gana iva

Tak ada yang lebih tinggi daripada-Ku, wahai Arjuna, yang ada disini semua terikat pada-Ku bagaikan rangkaian mutiara pada seutas tali.",Bhagawadgita BAB VII,1,287
288,30,8,"raso ’ham apsu kaunteya
prabhasmi sasi-suryayoh
pranavah sarva-vedesu
shabdah khe paurusam nrsu

Aku adalah rasa dalam air wahai Arjuna, Aku adalah cahaya pada bulan dan matahari, Aku adalah pranava dalam semua Veda, aku adalah suara di ether dan kemanusiaan pada manusia.",Bhagawadgita BAB VII,1,288
289,30,9,"punyo gandhah prithivyam ca
tejas casmi vibhavasau
jivanam sarva-bhutesu
tapas casmi tapasvisu

Aku adalah keharuman lembutnya tanah dan benderang nyalanya api; Aku adalah nyawanya semua insani dan semangat tapa bratanya para pertapa.",Bhagawadgita BAB VII,1,289
290,30,10,"bijam mam sarva-bhutanam
viddhi partha sanatanam
buddhir buddhimatam asmi
tejas tejasvinam aham

Ketahuilah wahai Partha, aku ini adalah benih abadi dari semua mahluk, Aku adalah akal dari kaum intelektual, aku adalah cemerlangnya sinar cahaya.",Bhagawadgita BAB VII,1,290
291,30,11,"balam balavatam caham
kama-raga-vivarjitam
dharmaviruddho bhutesu
kamo ’smi bharatarsabha

Aku adalah kekuatan dari orang yang kuat, bebas dari keinginan dan nafsu, aku adalah keinginan dari semua mahluk yang tidak bertentangan dengan Dharma, wahai Arjuna.",Bhagawadgita BAB VII,1,291
292,30,12,"ye caiva sattvika bhava
rajasas tamasas ca ye
matta eveti tan viddhi
na tv aham tesu te mayi

Walaupun bagaimana keadaan sifatku, baik sattva-rajah-tamah, ketahuilah, semuanya berasal dari Aku, bukan aku dalam mereka, tetapi mereka didalam-Ku.",Bhagawadgita BAB VII,1,292
293,30,13,"tribhir guna-mayair bhavair
ebhih sarvam idam jagat
mohitam nabhijanati
mam ebhyah param avyayam

Dikelabui oleh ketiga guna dari prakrti ini, kiranya seluruh dunia tidak mengetahui, sesungguhnya Aku ini lebih tinggi daripada mereka, dan kekal abadi.",Bhagawadgita BAB VII,1,293
294,30,14,"daivi hy esa guna-mayi
mama maya duratyaya
mam eva ye prapadyante
mayam etam taranti te

Sesungguhnya, kekuatan ilusi ilahi-Ku, yang tersusun atas sifat-sifat itu sukar diatasi, tetapi hanya mereka yang berlindung pada-Ku saja yang dapat melampaui kekuatan ilusi itu.",Bhagawadgita BAB VII,1,294
295,30,15,"na mam duskritino mudhah
prapadyante naradhamah
mayayapahrta-jnana
asuram bhavam asritah

Pelaku kejahatan, yang membingungkan dan manusia-manusia yang paling hina, yang kecerdasan terhalang oleh ilusi-Ku, dan mengikuti jalan para asura, tidak berlindung pada-Ku.",Bhagawadgita BAB VII,1,295
296,30,16,"catur-vidha bhajante mam
janah sukritino ’rjuna
arto jijnasur artharthi
jnani ca bharatarsabha

Ada empat orang baik hati memuja pada-Ku, wahai Arjuna, (yaitu) mereka yang sengsara, yang mengejar ilmu, yang mengejar harta dan yang berbudi, wahai Arjuna.",Bhagawadgita BAB VII,1,296
297,30,17,"tesam jnani nitya-yukta
eka-bhaktir visisyate
priyo hi jnanino ’tyartham
aham sa ca mama priyah

Diantara mereka, yang bijaksana, yang selalu memusatkan pikiran dan berbakti pada Yang Satu adalah mulia, sebab itu dialah yang Aku sangat kasihi dan dia kasih kepada-Ku.",Bhagawadgita BAB VII,1,297
298,30,18,"udarah sarva evaite
jnani tv atmaiva me matam
asthitah sa hi yuktatma
mam evanuttamam gatim

Mereka semua adalah mulia, tetapi yang berilmu Ku-pandang sebagai diri-Ku, karena ia selalu mantap dalam pikiran, hanya berlindung kepada-Ku saja, sebagai tujuan tertingginya.",Bhagawadgita BAB VII,1,298
299,30,19,"bahunam janmanam ante
jnanavan mam prapadyate
vasudevah sarvam iti
sa mahatma su-durlabhah

Orang yang bijaksana akan datang pada-Ku pada akhir banyak kelahiran, karena tahu Vasudeva adalah segalanya ini, sukar mendapatkan orang agung seperti itu.",Bhagawadgita BAB VII,1,299
300,30,20,"kamais tais tair hrta-jnanah
prapadyante ’nya-devatah
tam tam niyamam asthaya
prakritya niyatah svaya

Tetapi mereka yang kemampuan pembedanya telah disesatkan oleh keinginannya pergi ke tempat pemujaan para dewa lain, dengan mengikuti ritual ini dan itu, yang didorong oleh sifatnya sendiri.",Bhagawadgita BAB VII,1,300
301,30,21,"yo yo yam yam tanum bhaktah
shraddhayarcitum icchati
tasya tasyacalam shraddham
tam eva vidadhamy aham

Apapun pemujaan yang ingin dilakukan oleh para bhakta dengan penuh keyakinan, Aku menjadikan bentuk keyakinan itu menjadi mantap.",Bhagawadgita BAB VII,1,301
302,30,22,"sa taya shraddhaya yuktas
tasyaradhanam ihate
labhate ca tatah kaman
mayaiva vihitan hi tan

Berpegang teguh pada kepercayaan itu, mereka sibuk pada keyakinan wujud itu pula dan dari padanya mereka memperoleh yang diharapkan, yang sebenarnya hanya dikabulkan oleh-Ku.",Bhagawadgita BAB VII,1,302
303,30,23,"antavat tu phalam tesam
tad bhavaty alpa-medhasam
devan deva-yajo yanti
mad-bhakta yanti mam api

Akan tetapi, hasil yang didapat mereka yang berpikiran picik, terbatas, dimana menyembah para dewa akan pergi kepada dewa-dewa, tetapi penganutku akan sampai kepada-Ku",Bhagawadgita BAB VII,1,303
304,30,24,"avyaktam vyaktim apannam
manyante mam abuddhayah
param bhavam ajananto
mamavyayam anuttamam

Orang yang picik pengertiannya beranggapan Aku yang tak berbentuk menjadi termanifestasikan, tidak mengetahui sifat-sifat-Ku yang lebih tinggi yang kekal abadi dan Yang Maha Tinggi.",Bhagawadgita BAB VII,1,304
305,30,25,"naham prakasah sarvasya
yoga-maya-samavrtah
mudho ’yam nabhijanati
loko mam ajam avyayam

Terselubug oleh kegiatan yogamaya-Ku, aku kelihatan oleh semuanya, dunia yang terkecoh ini tak mengetahui Aku yang tak terlahirkan dan kekal abadi.",Bhagawadgita BAB VII,1,305
306,30,26,"vedaham samatitani
vartamanani carjuna
bhavisyani ca bhutani
mam tu veda na kascana

Wahai Arjuna, Aku mengetahui mahluk yang dahulu, yang kini dan yang lahir nanti, tetapi tak satupun yang mengenal Aku.",Bhagawadgita BAB VII,1,306
307,30,27,"iccha-dvesa-samutthena
dvandva-mohena bharata
sarva-bhutani sammoham
sarge yanti parantapa

Wahai Arjuna, karena dibingungkan oleh pasangan yang saling berlawanan, yang muncul dari keinginan dan kebencian, semua mahluk didunia ini menjadi tersesat, wahai penakluk musuh (arjuna)",Bhagawadgita BAB VII,1,307
308,30,28,"yesham tv anta-gatam papam
jananam punya-karmanam
te dvandva-moha-nirmukta
bhajante mam drdha-vratah

Tetapi mereka yang berprilaku mulia, yang tak mempunyai dosa lagi, yang bebas dari khayalan pasangan yang berlawanan memuja Aku, yang tetap teguh dalam sumpahnya.",Bhagawadgita BAB VII,1,308
309,30,29,"jara-marana-mokshaya
mam asritya yatanti ye
te brahma tad viduh krtsnam
adhyatmam karma cakhilam

Mereka yang berlindung pada-Ku, dan berusaha untuk dapat lepas dari umur tua dan kematian, mereka menyadari sepenuhnya Brahman, sang diri pribadi dan segala karma.",Bhagawadgita BAB VII,1,309
310,30,30,"sadhibhutadhidaivam mam
sadhiyajnam ca ye viduh
prayana-kale ’pi ca mam
te vidur yukta-cetasah

Mereka yang menyadari Aku pada adhibhuta, pada adhidaiva, dan pada adhiyajna, mereka yang berpikiran mantap mengetahui Aku, walaupun disaat ajal menjelang. 


Disini berakhir bab ke-tujuh dari Upanisad Bhagawadgita, ajaran tentang Brahmavidya dan Yogasastra, berupa percakapan antara Sri Krsna dan Arjuna yang berjudul:
'JNANA VIJNANA YOGAH'",Bhagawadgita BAB VII,1,310
311,31,1,"Arjuna uvaca:
kim tad brahma kim adhyatmam
kim karma purushottama
adhibhutam ca kim proktam
adhidaivam kim ucyate

Arjuna berkata:
Apakah Brahman itu, apakah adhyatman itu dan apakah karma itu wahai Krsna? apakah yang disebuat adhibhuta dan apakah yang dinamakan adhidaiva?",Bhagawadgita BAB VIII,1,311
312,31,2,"adhiyajnah katham ko ’tra
dehe ’smin madhusudana
prayana-kale ca katham
jneyo ’si niyatatmabhih

Siapakah dan mengapa penguasa yajna yang ada didalam badan ini, wahai Madhusudana (Krsna)? Dan bahaimanakah Engkau dapat diketahui oleh mereka yang telah mampu menguasai diri, disaat ajal tiba?",Bhagawadgita BAB VIII,1,312
313,31,3,"Sri-bhagavan uvaca:
aksharam brahma paramam
svabhavo ’dhyatmam ucyate
bhuta-bhavodbhava-karo
visargah karma-samjnitah

Sri Bhagavan bersabda:
Yang kekal abadi, Maha Agung adalah Brahman, persemayaman-Nya dalam badan individu dinamakan adhyatmam, karma adalah nama yang diberikan kepada persembahan yang melahirkan mahluk hidup didunia.",Bhagawadgita BAB VIII,1,313
314,31,4,"adhibhutam ksaro bhavah
purushas cadhidaivatam
adhiyajno ’ham evatra
dehe deha-bhrtam vara

Adhibhuta adalah wujud yang tak kekal, adhaivata adalah hakekat purusa dan hanya Aku-lah sebagai adhiyajna yang ada dalam badan, wahai manusia termulia (Arjuna)",Bhagawadgita BAB VIII,1,314
315,31,5,"anta-kale ca mam eva
smaran muktva kalevaram
yah prayati sa mad-bhavam
yati nasty atra samsayah

Barang siapa diwaktu ajal tiba, meninggalkan badan jasmani ini mengenang Aku selalu, sampai kepada-Ku, ini tak dapat diragukan lagi.",Bhagawadgita BAB VIII,1,315
316,31,6,"yam yam vapi smaran bhavam
tyajaty ante kalevaram
tam tam evaiti kaunteya
sada tad-bhava-bhavitah

Apapun yang diingat dan dipikirkan seseorang pada saat ajal tiba, meninggalkan badan jasmani ini, wahai Arjuna, ia akan sampai pada keadaan yang terpikirkan itu, sebab hal itu terus menerus terserap dalam pikiran itu.",Bhagawadgita BAB VIII,1,316
317,31,7,"tasmat sarveshu kaleshu
mam anusmara yudhya ca
mayy arpita-mano-buddhir
mam evaishyasy asamsayah

Karena itu, kapan saja ingatlah pada-Ku selalu, dan berjuanglah terus maju, dengan pikiran dan pengertian tetap pada-Ku, engkau pasti akan sampai pada-Ku.",Bhagawadgita BAB VIII,1,317
318,31,8,"abhyasa-yoga-yuktena
cetasa nanya-gamina
paramam purusham divyam
yati parthanucintayan

Dengan pikiran terkendali dalam pelaksanaan yoga terus menerus, tidak mengembara kemana-mana mengejar yang lain, yang bermeditasi pada Purusa Utama maha cemerlang, akan sampai kepada-Nya, wahai Arjuna.",Bhagawadgita BAB VIII,1,318
319,31,9,"kavim puranam anusasitaram
anor aniyamsam anusmared yah
sarvasya dhataram acintya-rupam
aditya-varnam tamasah parastat

Siapapun yang memusatkan pikiran pada yang Maha Tahu, terpurba, maha kuasa, lebih halus daripada atom, pendukung segalanya, yang wujudnya tak telukiskan, yang becahaya bagaikan matahari mengatasi segala kegelapan.",Bhagawadgita BAB VIII,1,319
320,31,10,"prayana-kale manasacalena
bhaktya yukto yoga-balena caiva
bhruvor madhye pranam avesya samyak
sa tam param purusham upaiti divyam

Pada saat ajal tiba, dengan pikiran tenang, terkendali melalui bhakti dan kekuatan yoga dan menempatkan prajna tepat diantara kedua alis mata (kening) ia mmencapai Dia, Yang Maha Suci.",Bhagawadgita BAB VIII,1,320
321,31,11,"yad aksharam veda-vido vadanti
vishanti yad yatayo vita-ragah
yad icchanto brahmacaryam caranti
tat te padam sangrahena pravaksye

Yang disebuat dengan kekal abadi oleh para ahli kitab suci Veda, yang dimasuki oleh mereka yang telah terkendali serta bebas dari keterikatan dan menginginkannya menjalani kehidupan selibat (pembujangan), itulah yang akan kunyatakan kepadamu dengan singkat.",Bhagawadgita BAB VIII,1,321
322,31,12,"sarva-dvarani samyamya
mano hridi nirudhya ca
murdhny adhayatmanah pranam
asthito yoga-dharanam

Pengendali pintu gerbang (indra) dengan membatasi pikiran didalam hati dan menempatkan prajna di kepala, dengan tetap melakukan yoga.",Bhagawadgita BAB VIII,1,322
323,31,13,"om ity ekaksharam brahma
vyaharan mam anusmaran
yah prayati tyajan deham
sa yati paramam gatim

Dengan mengucapkan aksara tunggal OM, yaitu Brahman, dan memikirkan aku sewaktu ajal akan meninggalkan badan jasmani, ia akan berangkat mencapai tujuan tertinggi.",Bhagawadgita BAB VIII,1,323
324,31,14,"ananya-cetah satatam
yo mam smarati nityasah
tasyaham sulabhah partha
nitya-yuktasya yoginah

Dia yang terus menerus mengenangkan Aku dengan pikiran yang tak terbagi, kepadanya Aku akan sangat mudah dimasuki, wahai Partha, yaitu para yogi yang senantiasa berbhakti.",Bhagawadgita BAB VIII,1,324
325,31,15,"mam upetya punar janma
duhkhalayam asasvatam
napnuvanti mahatmanah
samsiddhim paramam gatah

Setelah sampai kepada-Ku, mereka yang berjiwa besar ini tidak lagi menjelma ke tempat yang penuh duka di dunia yang tak kekal ini dan mereka mencapai kesempurnaan tertinggi.",Bhagawadgita BAB VIII,1,325
326,31,16,"a-brahma-bhuvanal lokah
punar avartino ’rjuna
mam upetya tu kaunteya
punar janma na vidyate

Dari alam Brahma selanjutnya kebawah, wahai Arjuna, kesemuanya mengalami kelahiran kembali, tetapi setelah mencapai Aku, wahai putra Kunti (Arjuna), ia tak akan lahir kembali.",Bhagawadgita BAB VIII,1,326
327,31,17,"sahasra-yuga-paryantam
ahar yad brahmano viduh
ratrim yuga-sahasrantam
te ’ho-ratra-vido janah

Yang mengetahui bahwa hari Brahma sama dengan jangka waktu seribu yuga dan bahwa malam daripadanya seribu yuga adalah siang malam (Brahma), yang diketahui oleh manusia.",Bhagawadgita BAB VIII,1,327
328,31,18,"avyaktad vyaktayah sarvah
prabhavanty ahar-agame
ratry-agame praliyante
tatraivavyakta-samjnake

Pada saat datangnya siang hari semua yang tak nyata timbul menjadi nyata dan pada waktu malah hari tiba yang nyata kembali pada yang disebut tak nyata.",Bhagawadgita BAB VIII,1,328
329,31,19,"bhuta-gramah sa evayam
bhutva bhutva praliyate
ratry-agame ’vasah partha
prabhavaty ahar-agame

Yang Nyata itu juga muncul kembali berulang kali dan lenyap kembali tak berdaya pada saat tibanya malam hari, wahai Arjuna, dan muncul kembali pada saat datangnya siang hari.",Bhagawadgita BAB VIII,1,329
330,31,20,"paras tasmat tu bhavo ’nyo
’vyakto ’vyaktat sanatanah
yah sa sarveshu bhutesu
nasyatsu na vinasyati

Lebih tinggi dari semua yang tak nyata ini ada pula keberadaan abadi tak berwujud, yang tak termusnahkan walaupun semua yang lainnya musnah sirna.",Bhagawadgita BAB VIII,1,330
331,31,21,"avyakto ’kshara ity uktas
tam ahuh paramam gatim
yam prapya na nivartante
tad dhama paramam mama

Yang tak nyata ini disebut ""kekal abadi"", yang dikatakan sebagai tujuan tertinggi, jadi siapapun yang mencapai-Nya, tak akan kembali, itulah tempat-Ku yang tertinggi.",Bhagawadgita BAB VIII,1,331
332,31,22,"purushah sa parah partha
bhaktya labhyas tv ananyaya
yasyantah-sthani bhutani
yena sarvam idam tatam

Dia, Jiwa Tertinggi ini, wahai Partha (Arjuna), didalam mana semua keberadaan ini berdiam dan yang juga meliputinya, sesungguhnya dapat dicapai dengan bhakti yang tak tergoyahkan.",Bhagawadgita BAB VIII,1,332
333,31,23,"yatra kale tv anavrttim
avrttim caiva yoginah
prayata yanti tam kalam
vaksyami bharatarsabha

Sekarang Aku ajarkan padamu, wahai Arjuna, saat-saat dimana para yogi yang menemui ajal tak akan kembali lagi dan juga saat-saat manakala yang pergi akan kembali lagi.",Bhagawadgita BAB VIII,1,333
334,31,24,"agnir jyotir ahah suklah
san-masa uttarayanam
tatra prayata gacchanti
brahma brahma-vido janah

Api, cahaya, siang hari, purnama dan enam bulan waktu matahari di Utara khatulistiwa, apabila pada saat itu ajal tiba, orang yang mengetahi Brahman pergi kepada Brahman.",Bhagawadgita BAB VIII,1,334
335,31,25,"dhumo ratris tatha krishnah
san-masa daksinayanam
tatra candramasam jyotir
yogi prapya nivartate

Asap, malam hari, bulan mati dan enam bulan musim matahari ada di selatan. Apabila saat itu ajal telah memanggil, yogi yang mencapai cahaya bulan akan kembali lagi.",Bhagawadgita BAB VIII,1,335
336,31,26,"sukla-krsne gati hy ete
jagatah sasvate mate
ekaya yaty anavrttim
anyayavartate punah

Terang dan gelap ini adalah dua jalan abadi yang didunia ini dipandang sebagai jalan yang ditempuh seseorang yang tdak kembali lagi (dan) yang lain ditempuh orang tetapi kembali lagi.",Bhagawadgita BAB VIII,1,336
337,31,27,"naite srti partha janan
yogi muhyati kascana
tasmat sarveshu kaleshu
yoga-yukto bhavarjuna

Dengan mengetahui sifat hakiki kedua jalan ini, wahai Partha (Arjuna), para yogi tak pernah bimbang hati, karena itu, setiap saat, wahai Arjuna teguhkan imanmu dalam ajaran yoga.",Bhagawadgita BAB VIII,1,337
338,31,28,"vedesu yajnesu tapahsu caiva
danesu yat punya-phalam pradistam
atyeti tat sarvam idam viditva
yogi param sthanam upaiti cadyam

Pahala kebajikan yang tersurat dalam kitab-kitab suci Veda, dalam hal beryajna, tapabrata dan bersedekah harta, semuanya itu dilampaui oleh yogi yang mengetahui segala sesuatu ini dan mencapai tempat utama yang tertinggi. 


Disini berakhir bab ke-delapan dari Upanisad Bhagawadgita, ajaran tentang Brahmavidya dan Yogasastra, berupa percakapan antara Sri Krsna dan Arjuna yang berjudul:
 'AKSARA BRAHMA YOGA'",Bhagawadgita BAB VIII,1,338
339,32,1,"Sri-bhagavan uvaca:
idam tu te guhyatamam
pravaksyamy anasuyave
jnanam vijnana-sahitam
yaj jnatva moksyase ’subhat

Sri Bhagawan Bersabda:
Kepadamu yang tidak lagi merajuk, akan Ku-jelaskan, yang paling rahasia dari kebajikandan penerapan berbagai aspeknya yang setelah mengetahuinya, engkau terhindar dari kejahatan.",Bhagawadgita BAB IX,1,339
340,32,2,"raja-vidya raja-guhyam
pavitram idam uttamam
pratyakshavagamam dharmyam
su-sukham kartum avyayam

Inilah raja ilmu pengetahuan, rahasia terbesar, mulia dan tinggi, mudah dimengerti, sesuai dengan dharma, baik dan menyenangkan untuk dilaksanakan dan kekal abadi.",Bhagawadgita BAB IX,1,340
341,32,3,"asraddadhanah purusha
dharmasyasya parantapa
aprapya mam nivartante
mrityu-samsara-vartmani

Manusia tanpa keimanan, yang mengikuti jalan ini, wahai penakluk musuh (Arjuna) tak mencapai Aku dan kembali ke jalan dunia kematian, menderita.",Bhagawadgita BAB IX,1,341
342,32,4,"maya tatam idam sarvam
jagad avyakta-murtina
mat-sthani sarva-bhutani
na caham tesv avasthitah

Alam semesta ini diliputi oleh-Ku dengan wujud-Ku yang tak nyata, semua mahluk ada pada-Ku, tetapi aku tak berada pada mereka.",Bhagawadgita BAB IX,1,342
343,32,5,"na ca mat-sthani bhutani
pasya me yogam aishvaram
bhuta-bhrn na ca bhuta-stho
mamatma bhuta-bhavanah

Dan mahluk itu tidak berdiam dalam-Ku, saksikanlah kekuatan yoga ilahi-Ku, aku menjadi sumber dan pendukung mereka tetapi Aku tidak berdiam dalam mereka.",Bhagawadgita BAB IX,1,343
344,32,6,"yathakasa-sthito nityam
vayuh sarvatra-go mahan
tatha sarvani bhutani
mat-sthanity upadharaya

Laksana angin yang kuat selalu ada dan bertiup di mana-mana dan berdiam dalam ether, demikian pula, ketahuilah bahwa semua yang ada berdiam dalam-Ku.",Bhagawadgita BAB IX,1,344
345,32,7,"sarva-bhutani kaunteya
prakritim yanti mamikam
kalpa-ksaye punas tani
kalpadau visrjamy aham

Semua mahluk berdiam dalam prakrti-Ku pada akhir peredaran kalpa, wahai putra Kunti (Arjuna), dan pada permulaan kalpa yang berikutnya Aku cipta mereka kembali.",Bhagawadgita BAB IX,1,345
346,32,8,"prakritim svam avastabhya
visrijami punah punah
bhuta-gramam imam krtsnam
avasam prakriter vasat

Dengan menggerakan prakrti-Ku, Aku cipta berkali-kali seluruh mahluk ini, tanpa daya dengan kekuatan prakrti-Ku",Bhagawadgita BAB IX,1,346
347,32,9,"na ca mam tani karmani
nibadhnanti dhananjaya
udasina-vad asinam
asaktam tesu karmasu

Dan karma ini tidak mengikat-Ku, wahai Dhananjaya, sebab Aku duduk seolah-olah acuh tak acuh, tak tersangkut dengan perbuatan itu.",Bhagawadgita BAB IX,1,347
348,32,10,"mayadhyaksena prakritih
suyate sa-caracaram
hetunanena kaunteya
jagad viparivartate

Alam semesta ini dibawah pengawasan prakrti-Ku, menjadikan segala sesuatu yang bergerak dan yang tak bergerak, wahai putra Kunti (Arjuna), dengan ini dunia berputar.",Bhagawadgita BAB IX,1,348
349,32,11,"avajananti mam mudha
manusim tanum asritam
param bhavam ajananto
mama bhuta-maheshvaram

Karena Aku berada pada tubuh manusia, mereka yang tolol tidak menghiraukan Aku, tidak mengetahui prakrti-Ku yang lebih tinggi sebagai Penguasa Agung dari segala yang ada.",Bhagawadgita BAB IX,1,349
350,32,12,"moghasa mogha-karmano
mogha-jnana vicetasah
rakshasim asurim caiva
prakritim mohinim sritah

Dengan harapan sia-sia, perbuatan sia-sia, pengetahuan sia-sia dan tanpa kesadaran mereka mengikuti jalan yang keliru oleh pengaruh jahat para raksasa dan asura yang mengelurukan.",Bhagawadgita BAB IX,1,350
351,32,13,"mahatmanas tu mam partha
daivim prakritim asritah
bhajanty ananya-manaso
jnatva bhutadim avyayam

Tetapi yang berjiwa mulia, yang memiliki sifat ilahi, mengetahui Aku, sebagai yang tak termusnahkan, sebagai sumber segala mahluk, wahai partha, memuja-Ku dengan pikiran memusat.",Bhagawadgita BAB IX,1,351
352,32,14,"satatam kirtayanto mam
yatantas ca drdha-vratah
namasyantas ca mam bhaktya
nitya-yukta upasate

Dengan selalu memuliakan-Ku, berusaha dengan teguh memegang sumpah, sujud kepaa-Ku dalam pengabdian dan dalam disiplin senantiasa berbhakti kepada-Ku.",Bhagawadgita BAB IX,1,352
353,32,15,"jnana-yajnena capy anye
yajanto mam upasate
ekatvena prithaktvena
bahudha vishvato-mukham

Namun, ada yang berkurban dengan persembahan ilmu pengetahuan, dan memuja-Ku, dengan berbagai cara sebagai Yang Tunggal, Yang Terpisah, Yang Menyeluruh dan Yang Maha Ada diseluruh penjuru.",Bhagawadgita BAB IX,1,353
354,32,16,"aham kratur aham yajnah
svadhaham aham ausadham
mantro ’ham aham evajyam
aham agnir aham hutam

Aku adalah persembahan kratuh, Aku adalah kurban (sesajian), Aku adalah sesajen kepada leluhur (svada), Aku adalah bahan ramuan obat, Aku adalah mantra, Aku juga adalah mentega murni, Aku adalah api dan aku adalah persembahan (huta)",Bhagawadgita BAB IX,1,354
355,32,17,"pitaham asya jagato
mata dhata pitamahah
vedyam pavitram omkara
rk sama yajur eva ca

Aku adalah Bapa, Ibu, Pelindung, dan Datuk alam semesta ini, Aku adalah obyek ilmu pengetahuan, pensuci, Aku adalah Omkara, dan juga Rik, Sama, dan Yajuh.",Bhagawadgita BAB IX,1,355
356,32,18,"gatir bharta prabhuh saksi
nivasah saranam suhrt
prabhavah pralayah sthanam
nidhanam bijam avyayam

Aku adalah tujuan, pengemban,, penguasa, Aku adalah saksi, tempat kediaman, tempat perlindungan, Aku adalah kawan, asal-mula, akhir kesudahan, Aku adalah dasar, tampat penyimpanan, benih abadi.",Bhagawadgita BAB IX,1,356
357,32,19,"tapamy aham aham varsam
nigrhnamy utsrijami ca
amritam caiva mrityus ca
sad asac caham arjuna

Aku adalah pemberi kehangatan, menahan dan menurunkan hujan, aku adalah keabadian dan kematian, sat dan asat, wahai Arjuna.",Bhagawadgita BAB IX,1,357
358,32,20,"trai-vidya mam soma-pah puta-papa
yajnair istva svar-gatim prarthayante
te punyam asadya surendra-lokam
asnanti divyan divi deva-bhogan

Ia yang mengetahui ketiga kitab Veda , peminum air soma, dibersihkan dari dosa, yang memuja-Ku dengan pengurbanan, memohon jalan menuju ke surga, tiba di Indraloka dan menikmati kesenangan surgawi dari para dewa di surga.",Bhagawadgita BAB IX,1,358
359,32,21,"te tam bhuktva svarga-lokam visalam
ksine punye martya-lokam vishanti
evam trayi-dharmam anuprapanna
gatagatam kama-kama labhante

Seteah menikmati dunia surga luas, mereka kembali ke dunia manusia, dikala nilai kebajikan habis, sesuai dengan ajaran ketiga kitab suci dan menginginkan objek kenikmatan, mereka datang dan pergi.",Bhagawadgita BAB IX,1,359
360,32,22,"ananyas cintayanto mam
ye janah paryupasate
tesham nityabhiyuktanam
yoga-ksemam vahamy aham

Mereka yang hanya memuja-Ku saja, tanpa memikirkan yang lainnya lagi, yang senantiasa penuh pengabdian, kepada mereka Ku-bawakan segala apa yang mereka tidak punya dan Ku-lindungi segala apa yang mereka miliki.",Bhagawadgita BAB IX,1,360
361,32,23,"ye ’py anya-devata-bhakta
yajante shraddhayanvitah
te ’pi mam eva kaunteya
yajanty avidhi-purvakam

Bahkan mereka (para bhakta) yang memuja para dewa lain, dengan penuh keyakinan, sesungguhnya juga memuja Aku, wahai putra Kunti(Arjuna), walau sebenarnya tidak menurut hukum yang diajarkan (ditetapkan)",Bhagawadgita BAB IX,1,361
362,32,24,"aham hi sarva-yajnanam
bhokta ca prabhur eva ca
na tu mam abhijananti
tattvenatas cyavanti te

Aku sesungguhnya adalah penikmat dan penguasa segala kurban persembahan, tetapi mereka tidak mengetahui Aku dan sifat-Ku yang sejati, karena itu mereka gagal, jatuh kembali lagi.",Bhagawadgita BAB IX,1,362
363,32,25,"yanti deva-vrata devan
pitrn yanti pitr-vratah
bhutani yanti bhutejya
yanti mad-yajino ’pi mam

Yang memuja dewata pergi kepada dewata, kepada leluhur perginya yang memuja leluhur mereka, dan kepada roh alam perginya yang memuja roh alam, tetapi mereka yang memuja-Ku, datang kepada-Ku.",Bhagawadgita BAB IX,1,363
364,32,26,"patram puspam phalam toyam
yo me bhaktya prayacchati
tad aham bhakty-upahrtam
asnami prayatatmanah

Siapapun yang dengan sujud bhakti kepada-Ku mempersembahkan sehelai daun, sekuntum bunga, sebiji buah-buahan, seteguk air, Aku terima sebagai bhakti persembahan dari orang yang berhati suci.",Bhagawadgita BAB IX,1,364
365,32,27,"yat karosi yad asnasi
yaj juhosi dadasi yat
yat tapasyasi kaunteya
tat kurusva mad-arpanam

Apapun yang engkau kerjakan, engkau makan, engkau persembahkan, engkau dermakan dan disiplin diri apapun yang engkau laksanakan, lakukanlah, wahai Arjuna sebagai bhakti kepada-Ku.",Bhagawadgita BAB IX,1,365
366,32,28,"subhasubha-phalair evam
moksyase karma-bandhanaih
sannyasa-yoga-yuktatma
vimukto mam upaisyasi

Dengan demikian engkau terlepas dari belenggu karma yang membawa hasil baik dan buruk, dengan pikiran terpusatkan pada samnyasa yoga engkau akan terbebas, dan mencapai Aku.",Bhagawadgita BAB IX,1,366
367,32,29,"samo ’ham sarva-bhutesu
na me dvesyo ’sti na priyah
ye bhajanti tu mam bhaktya
mayi te tesu capy aham

Aku adalah sama bagi semua mahluk, bagiku tiada yang terbenci dan terkasihi, tetapi mereka yang berbhakti kepada-Ku dengan penuh pengabdian, mereka ada pada-Ku dan Aku ada pada mereka.",Bhagawadgita BAB IX,1,367
368,32,30,"api cet su-duracaro
bhajate mam ananya-bhak
sadhur eva sa mantavyah
samyag vyavasito hi sah

Bahkan seandainya seorang yang terjahat sekalipun yang memuja Aku dengan pengabdian yang terpusat, ia harus dipandang ada dijalan yang benar sebag ia telah bertindak menuju yang benar.",Bhagawadgita BAB IX,1,368
369,32,31,"ksipram bhavati dharmatma
sasvac-chantim nigacchati
kaunteya pratijanihi
na me bhaktah pranasyati

Dengan segera ua menjadi orang benar dan mencapai kedamaian yang kekal abadi, ketahuilah, wahai Arjuna, para pemuja-Ku pasti tak akan termusnahkan.",Bhagawadgita BAB IX,1,369
370,32,32,"mam hi partha vyapasritya
ye ’pi syuh papa-yonayah
striyo vaishyas tatha shudras
te ’pi yanti param gatim

Sesungguhnya, mereka yang berlindung kepada-Ku, walaupun berasal dari kelahiran rendah, wahai Arjuna, para wanita, vaisya, ataupun sudra, mereka mencapai tujuan tertinggi.",Bhagawadgita BAB IX,1,370
371,32,33,"kim punar brahmanah punya
bhakta rajarsayas tatha
anityam asukham lokam
imam prapya bhajasva mam

Apalagi para brahmana suci dan raja rsi yang saleh budiman, kini setelah engkau ada di dunia yang tak kekal dan penuh duka, pujalah Aku.",Bhagawadgita BAB IX,1,371
372,32,34,"man-mana bhava mad-bhakto
mad-yaji mam namaskuru
mam evaishyasi yuktvaivam
atmanam mat-parayanah

Pusatkanlah pikiranmu pada-Ku, berbhakti kepada-Ku, bersujud kepada-Ku, sembahlah Aku dan setelah kau mengendalikan dirimu dengan Aku jadi tujuanmu tertinggi, engkau akan tiba pada-Ku.",Bhagawadgita BAB IX,1,372
373,33,1,"Sri-bhagavan uvaca:
bhuya eva maha-baho
shrinu me paramam vacah
yat te ’ham priyamanaya
vaksyami hita-kamyaya 

Sri Bhagawan Bersabda:
Selanjutnya dengarkanlah, wahai Mahabahu, kata-kata-Ku yang termulia ini, berharap demi untuk kebahagiaanmu akan Ku-uraikan kepadamu, yang tersenangkan dengan hal ini.",Bhagawadgita BAB X,1,373
374,33,2,"na me viduh sura-ganah
prabhavam na maharsayah
aham adir hi devanam
maharsinam ca sarvasah

Baik para dewa maupun maharsi, tidak mengenal masa mula-Ku, sebab dalam segala hal Aku adalah sumber para dewa dan maharsi.",Bhagawadgita BAB X,1,374
375,33,3,"yo mam ajam anadim ca
vetti loka-maheshvaram
asammudhah sa martyesu
sarva-papaih pramucyate

Dia yang mengetahui Aku tak terlahirkan, tanpa permulaan, penguasa perkasa seluruh dunia - diantara manusia, ia tak terbingungkan dan terhindar dari segala dosa.",Bhagawadgita BAB X,1,375
376,33,4,"buddhir jnanam asammohah
ksama satyam damah samah
sukham duhkham bhavo ’bhavo
bhayam cabhayam eva ca

Intelek, pengetahuan, kesadaran, kesabaran, kebenaran, mengendalikan diri, ketenangan, kesukaan, kedukaan, kelahiran, kematian, ketakutan, keberanian.",Bhagawadgita BAB X,1,376
377,33,5,"ahimsa samata tustis
tapo danam yaso ’yasah
bhavanti bhava bhutanam
matta eva prithag-vidhah

Tidak menyakiti, keseimbangan pikiran, kepuasan, pengekangan, berderma, kemasyuran dan kecemaran, adalah sifat berbeda dari semua mahluk yang datangnya dari aku sendiri.",Bhagawadgita BAB X,1,377
378,33,6,"maharsayah sapta purve
catvaro manavas tatha
mad-bhava manasa jata
yesham loka imah prajah

Sapta maharsi, empat manu jaman dahulu, yang dilengkapi dengan kekuatan-Ku, lahir dari pikiran-Ku, dan daripadanya selanjutnya segala ciptaan di dunia ini.",Bhagawadgita BAB X,1,378
379,33,7,"etam vibhutim yogam ca
mama yo vetti tattvatah
so ’vikalpena yogena
yujyate natra samsayah

Yang mengetahui dengan benar kemuliaan dan kekuasaan-Ku yang dilengkapi dengan yoga yang tak tergoyahkan ini, tentang itu tak diragukan lagi.",Bhagawadgita BAB X,1,379
380,33,8,"aham sarvasya prabhavo
mattah sarvam pravartate
iti matva bhajante mam
budha bhava-samanvitah

Aku adalah asal mula segala yang ada, dari AKu lahirnya segala sesuatu ini, mengetahui ini- orang bijaksana memujaku dengan sepenuh kalbu.",Bhagawadgita BAB X,1,380
381,33,9,"mac-citta mad-gata-prana
bodhayantah parasparam
kathayantas ca mam nityam
tusyanti ca ramanti ca

Memikirkan tentang Aku, dengan seluruh hidupnya tercurah kepada-Ku, saling mencerahi satu sama lain dan senantiasa membicarakan Aku terus menerus, mereka merasa puas dan bahagia.",Bhagawadgita BAB X,1,381
382,33,10,"tesam satata-yuktanam
bhajatam priti-purvakam
dadami buddhi-yogam tam
yena mam upayanti te

Bagi mereka yang senantiasa patuh, yang memuja aku dengan kasih sayang, Aku memberikan yoga pembeda yang memungkinkannya mencapai Aku.",Bhagawadgita BAB X,1,382
383,33,11,"tesam evanukampartham
aham ajnana-jam tamah
nasayamy atma-bhava-stho
jnana-dipena bhasvata

Karena kasih sayang murni-Ku pada mereka, yang bersemayam dalam hatinya, Aku menghancurkan kebodohan yang timbul oleh kegelapan, dengan cahaya kebijaksanaan.",Bhagawadgita BAB X,1,383
384,33,12,"Arjuna uvaca:
param brahma param dhama
pavitram paramam bhavan
purusham sasvatam divyam
adi-devam ajam vibhum

Arjuna berkata:
Engkau adalah para brahman, tempat kediaman tertinggi, pensuci tertinggi, Purusa Ilahi, kekal abadi, devata pertama, tak terlahirkan, maha kuasa, meliputi segalanya.",Bhagawadgita BAB X,1,384
385,33,13,"ahus tvam rsayah sarve
devarsir naradas tatha
asito devalo vyasah
svayam caiva bravisi me

Semua maharsi telah mengatakan tentang Enkau, demikian juga Deva Rsi seperti Narada, Asita, Devala serta Vyasa dan sekarang Engkau sendiri mengatakannya kepadake.",Bhagawadgita BAB X,1,385
386,33,14,"sarvam etad rtam manye
yan mam vadasi keshava
na hi te bhagavan vyaktim
vidur deva na danavah

Saya percaya akan segala kebenaran yang Engkau katakan kepada saya, wahai Kesava tetapi baik para dewa maupun para raksasa tidak mengetahui wujud-Mu, wahai Bhagavan.",Bhagawadgita BAB X,1,386
387,33,15,"svayam evatmanatmanam
vettha tvam purushottama
bhuta-bhavana bhutesa
deva-deva jagat-pate

Sesungguhnya hanya Engkau sendirilah yang mengetahui diri-Mu sendiri dengan diri-Mu, wahai Pribadi Utama, sumber segala insani, penguasa segala mahluk, dewa semua dewa dan penguasa dunia ini.",Bhagawadgita BAB X,1,387
388,33,16,"vaktum arhasy asesena
divya hy atma-vibhutayah
yabhir vibhutibhir lokan
imams tvam vyapya tisthasi

Terangkanlah kepada saya sejelas-jelasnya wujud kemahamuliaan ilahi-Mu dengan nama memuliakan-Mu, yang tetap meliputi seluruh alam semesta ini.",Bhagawadgita BAB X,1,388
389,33,17,"katham vidyam aham yogims
tvam sada paricintayan
kesu kesu ca bhavesu
cintyo ’si bhagavan maya

Bagaimana saya dapat mengetahui Engkau apakah dengan meditasi terus menerus, wahai Mahayogi, dan dalam berbagai aspek yang manakah Engkau harus saya renungkan, wahai Bhagavan?",Bhagawadgita BAB X,1,389
390,33,18,"vistarenatmano yogam
vibhutim ca janardana
bhuyah kathaya trptir hi
shrinvato nasti me ’mrtam

Uraikanlah lagi kepada saya selengkapnya, wahai Janardana, tentang keagungan dan kekuatan yoga-Mu, sebab telinga saya tidak jemu-jemunya mendengarkan ajaran-Mu yang bagaikan amrta menghidupkan.",Bhagawadgita BAB X,1,390
391,33,19,"Sri-bhagavan uvaca:
hanta te kathayisyami
divya hy atma-vibhutayah
pradhanyatah kuru-srestha
nasty anto vistarasya me

Sri Bhagavan bersabda:
Baiklah akan Aku ceritakan kepadamu hakekat kemuliaan ilahi-Ku, tetapi yang penting-penting saja, wahai Kurusrestha, sebab tak terbatas uraian tentang perwujudan-Ku.",Bhagawadgita BAB X,1,391
392,33,20,"aham atma gudakesha
sarva-bhutasaya-sthitah
aham adis ca madhyam ca
bhutanam anta eva ca

Aku adalah sang Diri yang ada didalam hati semua mahluk, wahai Gudakesa, Aku adalah permulaan, pertengahan dan akhir dari semua mahluk.",Bhagawadgita BAB X,1,392
393,33,21,"adityanam aham vishnur
jyotisam ravir amsuman
maricir marutam asmi
nakshatranam aham sasi

Dari para aditya Aku adalah Visnu, dari benda-benda yang bersinar Aku adalah Matahari, dari para Marut aku adalah Marici, dan dari gugusan bintang-bintang Aku adalah Bulan.",Bhagawadgita BAB X,1,393
394,33,22,"vedanam sama-vedo ’smi
devanam asmi vasavah
indriyanam manas casmi
bhutanam asmi cetana

Aku adalah Samaveda pada Veda-Veda, aku adalah Indra diantara para Dewa, aku adalah manah diantara indra-indra, aku adalah kesadaran diantara mahluk hidup.",Bhagawadgita BAB X,1,394
395,33,23,"rudranam sankaras casmi
vitteso yaksha-rakshasam
vasunam pavakas casmi
meruh sikharinam aham

Aku adalah sankara diantara para Rudra, Aku adalah Kubera diantara para yaksa dan raksasa, AKu adalah Pavaka dari para Vasu, Aku adalah Meru diantara gunung-gunung.",Bhagawadgita BAB X,1,395
396,33,24,"purodhasam ca mukhyam mam
viddhi partha brihaspatim
senaninam aham skandah
sarasam asmi sagarah

Diantara pandita yang berumah tangga wahai Partha, Aku adalah Bhraspati, diantara panglima perang Aku adalah Skanda, diantara hamparan air Aku adalah Samudra.",Bhagawadgita BAB X,1,396
397,33,25,"maharsinam bhrgur aham
giram asmy ekam aksharam
yajnanam japa-yajno ’smi
sthavaranam himalayah

Diantara maharsi Aku adalah Bhrgu, diantara ucapan suci Aku adalah Omkara, diantara yajna, Aku adalah japa mantra, diantara benda-benda tak bergerak Aku adalah Himalaya.",Bhagawadgita BAB X,1,397
398,33,26,"ashvatthah sarva-vrksanam
devarsinam ca naradah
gandharvanam citrarathah
siddhanam kapilo munih

Diantara kayu-kayuan Aku adalah Asvattha, diantara dewa-dewa Aku adalah Narada, Diantara para gandarva AKu adalah Citraratha, diantara para siddha aku adalah Kapila.",Bhagawadgita BAB X,1,398
399,33,27,"uccaihsravasam asvanam
viddhi mam amrtodbhavam
airavatam gajendranam
naranam ca naradhipam

Ketahuilah diantara bangsa kuda AKu adalah Uccaisravasa, yang lahir dari Amrta, diantara raja gajah AKu adalah Airavata, diantara manusia biasa Aku adalah maharaja..",Bhagawadgita BAB X,1,399
400,33,28,"ayudhanam aham vajram
dhenunam asmi kamadhuk
prajanas casmi kandarpah
sarpanam asmi vasukih

Diantara semua senjata Aku adalah vajra, diantara sapi-sapi Aku adalah Kamandhanu, diantara yang membiakkan ketururan Aku adalah Kandarpa, diantara semua ular Aku adalah Vasuki.",Bhagawadgita BAB X,1,400
401,33,29,"anantas casmi naganam
varuno yadasam aham
pitrnam aryama casmi
yamah samyamatam aham

Diantara naga Aku adalah Ananta, diantara penghuni air Aku adalah Varuna, diantara arwah leluhur Aku adalah Aryama, diantara penegak hukum Aku adalah Yama.",Bhagawadgita BAB X,1,401
402,33,30,"prahladas casmi daityanam
kalah kalayatam aham
mrganam ca mrgendro ’ham
vainateyas ca paksinam

Diantara para daitya Aku adalah Prahlada, diantara penghitung Aku adalah waktu, diantara segala binatang Aku adalah singa, diantara segala burung Aku adalah garuda.",Bhagawadgita BAB X,1,402
403,33,31,"pavanah pavatam asmi
ramah shastra-bhrtam aham
jhasanam makaras casmi
srotasam asmi jahnavi

Diantara yang membersihkan Aku adalah angin, diantara pahlawan kebenaran Aku adalah Rama, diantara segala ikan Aku adalah Makara, diantara semua sungai Aku adalah Gangga.",Bhagawadgita BAB X,1,403
404,33,32,"sarganam adir antas ca
madhyam caivaham arjuna
adhyatma-vidya vidyanam
vadah pravadatam aham

Dari segala ciptaan wahai Arjuna, Aku adalah permulaan, akhir dan juga pertengahan, diantara segala ilmu pengetahuan Aku adalah Ilmu tentang sang Diri, diantara semua diskusi Aku adalah dialektika.",Bhagawadgita BAB X,1,404
405,33,33,"aksharanam a-karo ’smi
dvandvah samasikasya ca
aham evakshayah kalo
dhataham vishvato-mukhah

Aku adalah huruf A dari semua aksara, Aku adalah kata majemuk dari semua kata jadian, Aku adalah waktu yang kekal abadi, Aku adalah pembagi yang menghadap ke segala penjuru.",Bhagawadgita BAB X,1,405
406,33,34,"mrityuh sarva-haras caham
udbhavas ca bhavisyatam
kirtih srir vak ca narinam
smritir medha dhrtih ksama

Aku ini kematian yang meliputi segala ciptaan dan Aku ini asal mula yang akan ada nanti, dan dari sifat-sifat wanita Aku adalah kemasyuran, kemakmuran, ucapan, ingatan, kecerdasan, keteguhan hati dan kesabaran.",Bhagawadgita BAB X,1,406
407,33,35,"brihat-sama tatha samnam
gayatri chandasam aham
masanam marga-sirso ’ham
rtunam kusumakarah

Diantara lagu pujaan aku adalah brhatsama, diantara metrum Aku adalah Gayatri, diantara bulan-bulan Aku adalah margasirsa, diantara musim-musim aku adalah musim semi.",Bhagawadgita BAB X,1,407
408,33,36,"dyutam chalayatam asmi
tejas tejasvinam aham
jayo ’smi vyavasayo ’smi
sattvam sattvavatam aham

Aku ini penjudi diantara para penipu, AKu adalah kecemerlangan dari semua yang indah, AKu ini kejayaan dan Aku ini usaha, Aku adalah kebaikan dari segala yang baik.",Bhagawadgita BAB X,1,408
409,33,37,"vrsninam vasudevo ’smi
pandavanam dhananjayah
muninam apy aham vyasah
kavinam usana kavih

Dari keturunan Vrsi Aku adalah Vasudeva, dari Panca Pandawa aku adalah Dhananjaya, dari muni sempurna Aku adalah Vyasa, dari para penyair Aku adalah Usana.",Bhagawadgita BAB X,1,409
410,33,38,"dando damayatam asmi
nitir asmi jigisatam
maunam caivasmi guhyanam
jnanam jnanavatam aham

Akulah kekuatan hukum dari semua penghukum; Akulah negarawan diantara yang mengejar kejayaan, Akulah kebisuan diantara rahasia, Akulah kebijaksanaan dari orang bijak.",Bhagawadgita BAB X,1,410
411,33,39,"yac capi sarva-bhutanam
bijam tad aham arjuna
na tad asti vina yat syan
maya bhutam caracaram

Itu juga, wahai Arjuna yang merupakan benih dari segala mahluk di dunia ini adalah Aku, tak ada sesuati keberadaanpun, baik yang bergerak maupun yang tak bergerak, dapat terjadi tanpa Aku.",Bhagawadgita BAB X,1,411
412,33,40,"nanto ’sti mama divyanam
vibhutinam parantapa
esa tuddesatah prokto
vibhuter vistaro maya

Perwujudan Ilahi-Ku tiada batasnya, wahai penakluk musuh (Arjuna), ini hanya pernyataan singkat-Ku tentang luasnya kemulian-Ku.",Bhagawadgita BAB X,1,412
413,33,41,"yad yad vibhutimat sattvam
srimad urjitam eva va
tat tad evavagaccha tvam
mama tejo-’msa-sambhavam

Apapun yang memiliki kemuliaan, kemakmuran dan kekuasaan, katahuilah bahwa semua itu, ini berasal dari sepercik kecemerlangan-Ku.",Bhagawadgita BAB X,1,413
414,33,42,"atha va bahunaitena
kim jnatena tavarjuna
vistabhyaham idam krtsnam
ekamsena sthito jagat

Tetapi, apa gunanya bagimu, wahai Arjuna, pengetahuan yang panjang lebar ini? Aku tetap menopang segenap alam semesta ini hanya dengan sebagian kecil dari cuplikan-Ku sendiri. 



Disini berakhir bab ke-sepuluh dari Upanisad Bhagavadgita, ajaran tentang Brahmavidya dan Yogasastra, berupa percakapan antara Sri Krsna dan Arjuna yang berjudul:
'VIBHUTI YOGAH'.",Bhagawadgita BAB X,1,414
415,34,1,"Arjuna uvaca:
mad-anugrahaya paramam
guhyam adhyatma-samjnitam
yat tvayoktam vacas tena
moho ’yam vigato mama

Arjuna berkata:
Sebagai anugrah yang telah Engkau ajarkan dengan penuh kasih sayang kepada saya, wejangan tentang sang Diri yang dinyatakan sangat rahasia itu, lenyaplah keragu-raguan saya.",Bhagawadgita BAB XI,1,415
416,34,2,"bhavapyayau hi bhutanam
srutau vistaraso maya
tvattah kamala-patraksha
mahatmyam api cavyayam

Asal dan kemusnahan semua mahluk telah saya dengar selengkapnya dari-Mu, wahai yang bermata bagaikan kembang padma (Krsna), demikian juga keangungan-Mu yang kekal abadi.",Bhagawadgita BAB XI,1,416
417,34,3,"evam etad yathattha tvam
atmanam paramesvara
drastum icchami te rupam
aishvaram purushottama

Kendatipun demikian penjelasanmu sendiri, wahai Maha Isvara, namun aku ingin menyaksikan wujud Ilahi-Mu, wahai Purusa Utama.",Bhagawadgita BAB XI,1,417
418,34,4,"manyase yadi tac chakyam
maya drastum iti prabho
yogeshvara tato me tvam
darsayatmanam avyayam

Wahai Penguasa, kalau Engkau berpendapat, hal itu dapat aku saksikan, tunjukkanlah sang Diri abadi itu, wahai Yogesvara.",Bhagawadgita BAB XI,1,418
419,34,5,"Sri-bhagavan uvaca:
pasya me partha rupani
sataso ’tha sahasrasah
nana-vidhani divyani
nana-varnakritini ca

 Sri Bhagavan bersabda:
Lihatlah pada wujud-Ku, wahai Partha (Arjuna), beratus-ratus, beribu-ribu, bermacam-macam wujud ilahi beragam bentuk dan warna.",Bhagawadgita BAB XI,1,419
420,34,6,"pasyadityan vasun rudran
asvinau marutas tatha
bahuny adrsta-purvani
pasyascaryani bharata

Lihatlah para aditya, vasu, rudra, asvin kembar dan para marut, wahai Arjuna, lihatlah banyak keajaiban yang tak pernah terlihat sebelumnya.",Bhagawadgita BAB XI,1,420
421,34,7,"ihaika-stham jagat krtsnam
pasyadya sa-caracaram<
mama dehe gudakesha
yac canyad drastum icchasi

Lihatlah seluruh alam semesta ini, yang bergerak dan yang tidak bergerak, apa saja yang ingin engkau lihat, wahai Gudakesa (Arjuna), semuanya menyatu dalam badan-Ku ini.",Bhagawadgita BAB XI,1,421
422,34,8,"na tu mam sakyase drastum
anenaiva sva-caksusa
divyam dadami te caksuh
pasya me yogam aishvaram

Tetapi engkau tak mungkin dapat melihat-Ku dengan matamu sendiri, kini Aku akan berikan engkau mata ilahi, saksikanlah yoga utama-Ku.",Bhagawadgita BAB XI,1,422
423,34,9,"Sanjaya uvaca:
evam uktva tato rajan
maha-yogesvaro harih
darsayam asa parthaya
paramam rupam aishvaram<

Sanjaya berkata:
Setelah berkata demikian, wahai sang Raja, Hari sebagai yogesvara yang Maha Tinggi, kemudian memperlihatkan rupa kemaha kuasaannya kepada Arjuna.",Bhagawadgita BAB XI,1,423
424,34,10,"aneka-vaktra-nayanam
anekadbhuta-darshanam
aneka-divyabharanam
divyanekodyatayudham<

Dengan banyak mulut dan mata, dengan banyak penglihatan yang luar biasa, dengan beraneka perhiasan devata, dengan senjata ilahi terhunus.",Bhagawadgita BAB XI,1,424
425,34,11,"divya-malyambara-dharam
divya-gandhanulepanam
sarvascarya-mayam devam
anantam vishvato-mukham

Dengan mengenakan kalungan bunga dan pakaian kayangan, minyak wangi dan wewangian surgawi, cemerlang berkilauan luar biasa, dengan muka menghadap kesemua jurusan.",Bhagawadgita BAB XI,1,425
426,34,12,"divi surya-sahasrasya
bhaved yugapad utthita
yadi bhah sadrsi sa syad
bhasas tasya mahatmanah

Bagaikan sinar seribu matahari yang terbit seketika bersamaan, bercahaya cemerlang diangkasa dan nyalanya itu adalah sinar cahaya maha kuasa itu.",Bhagawadgita BAB XI,1,426
427,34,13,"tatraika-stham jagat krtsnam
pravibhaktam anekadha
apasyad deva-devasya
sarire pandavas tada

Kemudian putra Pandawa itu melihat seluruh alam semesta yang terbagi atas banyak bagian menyatu dalam tubuh Tuhan dari para dewa.",Bhagawadgita BAB XI,1,427
428,34,14,"tatah sa vismayavisto
hrsta-roma dhananjayah
pranamya sirasa devam
kritanjalir abhasata

Kemudian Arjuna terpana dengan perasaan penuh kagum, buluromanya berdiri, sujud menundukkan kepala kepada Tuhan, dengan mencakupkan kedua tangan, seraya berkata.",Bhagawadgita BAB XI,1,428
429,34,15,"Arjuna uvaca:
pasyami devams tava deva dehe
sarvams tatha bhuta-visesa-sanghan
brahmanam isam kamalasana-stham
rsims ca sarvan uragams ca divyan

Arjuna berkata:
Pada badan-Mu saya melihat, wahai Dewata Agung, semua Dewa dan berbagai tingkat mahluk lainnya, Brahma sang pencipta duduk diatas singgasana kembang teratai serta para resi dan naga yang surgawi.",Bhagawadgita BAB XI,1,429
430,34,16,"aneka-bahudara-vaktra-netram
pasyami tvam sarvato ’nanta-rupam
nantam na madhyam na punas tavadim
pasyami visvesvara vishva-rupa

Saya lihat Engkau dalam bentuk yang tak terbatas disemua penjuru dengan tangan, perut dan mata tak terhitung jumlahnya, begitu pula saya tak melihat akhir, pertengahan dan permulaan-Mu, wahai Penguasa Alam Semesta, wahai Wujud Universal.",Bhagawadgita BAB XI,1,430
431,34,17,"kiritinam gadinam cakrinam ca
tejo-rasim sarvato diptimantam
pasyami tvam durniriksyam samantad
diptanalarka-dyutim aprameyam

Saya lihat Engkau bermahkota, memegang gada dan cakra, berkilau-kilau gemerlapan disegala sisi (dan) tan sanggup memandang cahaya cemerlang disegala sisi-Mu, bagaikan bara api dan sinar matahari,tiada bandingannya.",Bhagawadgita BAB XI,1,431
432,34,18,"tvam aksharam paramam veditavyam
tvam asya vishvasya param nidhanam
tvam avyayah sasvata-dharma-gopta
sanatanas tvam purusho mato me

Engkau yang kekal, yang Agung, yang harus diketahui, Engkau adalah khasanah besar alam semesta, Engkau adalah penjaga Dharma yang kekal abadi, Engkau adalah mahluk paling Awal, yang saya pandang.",Bhagawadgita BAB XI,1,432
433,34,19,"anadi-madhyantam ananta-viryam
ananta-bahum sasi-surya-netram
pasyami tvam dipta-hutasa-vaktram
sva-tejasa vishvam idam tapantam

Saya lihat Engkau tanpa permulaan, pertengahan dan akhir, dengan kekuatan tak terbatas, tangan tak terhitung banyaknya, bulan dan matahari sebagai mata-Mu, api pemujaan sebagai mulut-Mu, cemerlang menghangati alam semesta.",Bhagawadgita BAB XI,1,433
434,34,20,"dyav a-prithivyor idam antaram hi
vyaptam tvayaikena disas ca sarvah
drishtvadbhutam rupam ugram tavedam
loka-trayam pravyathitam mahatman

Ruang antara sorga dan bumi dipenuhi oleh-Mu belaka, begitu pula semua penjuru alam semesta, wahai Mahatma, setelah melihat keajaiban, kehebatan rupa-Mu, maka ketiga dunia ini ngeri ketakutan.",Bhagawadgita BAB XI,1,434
435,34,21,"ami hi tvam sura-sangha vishanti
kecid bhitah pranjalayo grnanti
svastity uktva maharsi-siddha-sanghah
stuvanti tvam stutibhih puskalabhih

Sesungguhnya disini para dewata masuk kedalam-Mu, dengan ketakutan, mencakupkan tangan, sujud pada-Mu dan berkelompok para rsi dan orang-orang sempurna menyerukan ""Svasti""(semoga sejahtera), dan mengidungkan lagu pujian kudus mengagungkan-Mu.",Bhagawadgita BAB XI,1,435
436,34,22,"rudraditya vasavo ye ca sadhya
visve ’svinau marutas cosmapas ca
gandharva-yakshasura-siddha-sangha
viksante tvam vismitas caiva sarve

Para Rudra, Aditya,Sadhya, Vasu Visvadeva, Asvin, Marut, Usmapa, Gandharva, Yaksa, Asura dan Siddhi.",Bhagawadgita BAB XI,1,436
437,34,23,"rupam mahat te bahu-vaktra-netram
maha-baho bahu-bahuru-padam
bahudaram bahu-damstra-karalam
drishtva lokah pravyathitas tathaham

Melihat keagungan wujud-Mu dengan banyak mulut, mata, banyak tangan, paha dan kaki, wahai Krsna, dengan banyak perut dan taring-taring yang mengerikan, seluru jagat gemetar, demikian pula aku ketakutan.",Bhagawadgita BAB XI,1,437
438,34,24,"nabhah-sprsam diptam aneka-varnam
vyattananam dipta-visala-netram
drishtva hi tvam pravyathitantar-atma
dhrtim na vindami samam ca visno

Wahai Visnu, setelah Engkau menyentuh langit dengan berbagai warna cemerlang, mulut menganga, mata besar bersinar, hati kecilku gemetar ketakutan, terasa benar olehku tanpa kekuatan dan tiada lagi ketenangan.",Bhagawadgita BAB XI,1,438
439,34,25,"damstra-karalani ca te mukhani
drishtvaiva kalanala-sannibhani
diso na jane na labhe ca sarma
prasida devesa jagan-nivasa

Melihat mulut-Mu dengan taring-taring mengerikan seperti nyala api pralaya, aku tak tahu arah manapun, demikian juga tak menemukan kebahagiaan. wahai Penguasa para dewata, wahai tumpuan alam semesta, belas kasihanilah.",Bhagawadgita BAB XI,1,439
440,34,26,"ami ca tvam dhritarashtrasya putrah
sarve sahaivavani-pala-sanghaih
bhismo dronah suta-putras tathasau
sahasmadiyair api yodha-mukhyaih

Disini semua putra Dhrstarasta bersama-sama para raja lainnya dan juga Bhisma, Drona serta Karna, bersama dengan panglima angkatan perang kami.",Bhagawadgita BAB XI,1,440
441,34,27,"vaktrani te tvaramana vishanti
damstra-karalani bhayanakani
kecid vilagna dasanantaresu
sandrsyante curnitair uttamangaih

Mereka cepat-cepat masuk ke dalam mulut-Mu yang penuh dengan taring-taring mengerikan, ada yang tersangkut diantara taring-taring ini, dan tampak kepala mereka hancur berbenturan.",Bhagawadgita BAB XI,1,441
442,34,28,"yatha nadinam bahavo ’mbu-vegah
samudram evabhimukha dravanti
tatha tavami nara-loka-vira
vishanti vaktrany abhivijvalanti

Bagaikan sungai-sungai banjir, yang arusnya deras mengalir ke samudra, demikian pula para pahlawan dunia manusia ini berlomba, masuk kedalam mulut-Mu yang menyala-nyala.",Bhagawadgita BAB XI,1,442
443,34,29,"yatha pradiptam jvalanam patanga
vishanti nasaya samrddha-vegah
tathaiva nasaya vishanti lokas
tavapi vaktrani samrddha-vegah

Ibarat anai-anai yang masuk dengan secepatnya ke nyala api untuk mati, demikian pula dunia itu masuk kedalam mulut-Mu dengan cepatnya untuk menemui kehancuran.",Bhagawadgita BAB XI,1,443
444,34,30,"lelihyase grasamanah samantal
lokan samagran vadanair jvaladbhih
tejobhir apurya jagat samagram
bhasas tavograh pratapanti visno

Wahai Visnu, dengan menjilat-jilat melalap kesemua penjuru dunia, dengan mulut menyala-nyala, dengan sinar-Mu memenuhi seluruh dunia, membakar alam semesta dengan panas membara.",Bhagawadgita BAB XI,1,444
445,34,31,"akhyahi me ko bhavan ugra-rupo
namo ’stu te deva-vara prasida
vijnatum icchami bhavantam adyam
na hi prajanami tava pravrttim

Katakanlah kepadaku, siapakah Engkau sesungguhnya dengan wujud menyerammkan, wahai Tuhan segala dewa, berbelas kasihlah, segala puji kepada-Mu, saya ingin mengetahui-Mu, Yang Maha Tunggal, aku tidak mengerti maksud-Mu.",Bhagawadgita BAB XI,1,445
446,34,32,"Sri-bhagavan uvaca:
kalo ’smi loka-ksaya-krt pravrddho
lokan samahartum iha pravrttah
rte ’pi tvam na bhavisyanti sarve
ye ’vasthitah pratyanikesu yodhah

Sri Bhagavan bersabda:
Aku adalah waktu yang maha perkasa, untuk menghancurkan dunia yang sekarang ini terlibat dalam memusnahkannya, walaupun tanpa engkau semua angkatan perang yang ditempatkan pada barisan yang memusuhimu tak akan hidup.",Bhagawadgita BAB XI,1,446
447,34,33,"tasmat tvam uttistha yaso labhasva
jitva satrun bhunksva rajyam samrddham
mayaivaite nihatah purvam eva
nimitta-matram bhava savya-sacin<

Karena itu bangkitlah engkau dan jayalah, taklukan musuh, nikmati kerajaan yang sejahtera, sebenarnya mereka telah hancur musnah oleh-Ku, jadi engkau hanya alat belaka, wahai Arjuna.",Bhagawadgita BAB XI,1,447
448,34,34,"dronam ca bhismam ca jayadratham ca
karnam tathanyan api yodha-viran<
maya hatams tvam jahi ma vyathistha
yudhyasva jetasi rane sapatnan

Bunuhlah, Drona, Bhisma, Jayadrata, Karna dan satria pemberani lainnya, yang sebelumnya telah Aku musnahkan, jangan gentar, berjuanglah, engkau akan menang atas musuh-musuhmu dalam pertempuran.",Bhagawadgita BAB XI,1,448
449,34,35,"Sanjaya uvaca:
etac chrutva vacanam keshavasya
kritanjalir vepamanah kiriti
namaskritva bhuya evaha krishnam
sa-gadgadam bhita-bhitah pranamya

Sanjaya berkata:
Setelah mendengar kata-kata kesava itu, Arjuna mencakupkan tangan dengan penuh cemas, menyembah lagi dengan sujud ketakukan dan dengan suara gemetar berkata kepada Krsna.",Bhagawadgita BAB XI,1,449
450,34,36,"Arjuna uvaca:
sthane hrishikesha tava prakirtya
jagat prahrsyaty anurajyate ca
rakshamsi bhitani diso dravanti
sarve namasyanti ca siddha-sanghah

Arjuna berkata:
Tepatlah bila dunia merasa senang dan bahagia dalam memuja-Mu, wahai Hrsikesa (Krsna), para raksasa lari ketakutan kesegala penjuru, para orang sempurna bersujud menyembah dihadap-Mu.",Bhagawadgita BAB XI,1,450
451,34,37,"kasmac ca te na nameran mahatman
gariyase brahmano ’py adi-kartre
ananta devesa jagan-nivasa
tvam aksharam sad-asat tat param yat

Dan mengapa mereka tidak menghormat kepada-Mu wahai Mahatma, yang (Engkau) lebih mulia daripada Brahma, pencipta pertama, wahai Penguasa para dewa, Keberadaan tak terbatas, Tumpuan alam semesta, Engkau sesungguhnya yang maha kekal, keberadaan dan bukan keberadaan dan yang Terutama (yang transendental)",Bhagawadgita BAB XI,1,451
452,34,38,"tvam adi-devah purushah puranas
tvam asya vishvasya param nidhanam
vettasi vedyam ca param ca dhama
tvaya tatam vishvam ananta-rupa

Engkau adalah Dewata Pertama, pribadi terpurba, Tumpuan Utama alam semesta, Engkau adalah Yang Maha Tahu dan yang harus diketahui dan Tempat Kediaman Tertinggi dan alam semesta diliputi oleh-Mu, wahai Keberadaan dalam wujud tak terbatas.",Bhagawadgita BAB XI,1,452
453,34,39,"vayur yamo ’gnir varunah sasankah
prajapatis tvam prapitamahas ca
namo namas te ’stu sahasra-kritvah
punas ca bhuyo ’pi namo namas te

Engkau adalah Dewa Angin, Dewa maut dan Dewa Api, Dewa Laut, Dewa Rembulan, Prajapati dan leluhur semua mahluk, Engkau dihormati dengan penuh penghormatan bahkan berulang kali memberi pengjormatan-Mu.",Bhagawadgita BAB XI,1,453
454,34,40,"namah purastad atha prsthatas te
namo ’stu te sarvata eva sarva
ananta-viryamita-vikramas tvam
sarvam samapnosi tato ’si sarvah

Bersujud dihadapan-Mu, dibelakang-Mu dan dari mana-mana, wahai Semuanya, Engkau tak terbatas dalam keperkasaan, tak terbandingkan dalam kekuatan, meliputi segalanya, dan karenanya Engkau adalah segalanya.",Bhagawadgita BAB XI,1,454
455,34,41,"sakheti matva prasabham yad uktam
he krishna he yadava he sakheti
ajanata mahimanam tavedam
maya pramadat pranayena vapi

Apapun yang telah saya katakan yang ceroboh kepada-Mu adalah karena berpikir Engkau adalah temanku, tak sadar akan keagungan-Mu.""Wahai Krsna, wahai Yadava, wahai Kawan, semuanya itu hanya karna kealpaan atau mungkin sebab kecintaanku.",Bhagawadgita BAB XI,1,455
456,34,42,"yac cavahasartham asat-krto ’si
vihara-sayyasana-bhojanesu
eko ’tha vapy acyuta tat-samaksham
tat ksamaye tvam aham aprameyam

Apapun perbuatan yang kurang sopan waktu bergurau pada-Mu, waktu bermain, waktu tidur, duduk-duduk dan waktu makan, waktu sendirian atau dengan yang lain, aku mohon maaf kepada-Mu, wahai Aeyuta, Yang Tak Terduga.",Bhagawadgita BAB XI,1,456
457,34,43,"pitasi lokasya caracarasya
tvam asya pujyas ca gurur gariyan
na tvat-samo ’sty abhyadhikah kuto ’nyo
loka-traye ’py apratima-prabhava

Engkau adalah Bapa dari dunia yang bergerak dan yang tak bergerak, Engkau adalah Guru Agung yang dipuja dunia ini, tak ada keberadaan lain yang menyamai-Mu di ketiga dunia , sehingga bagaimana mungkin ada yang dapat mengungguli-Mu, wahai Keberadaan dengan kekuasaan yang tak tertandingi.",Bhagawadgita BAB XI,1,457
458,34,44,"tasmat pranamya pranidhaya kayam
prasadaye tvam aham isam idyam
piteva putrasya sakheva sakhyuh
priyah priyayarhasi deva sodhum

Karenanya, dengan menundukkan badan, sujud pada-Mu, saya memohon pada-Mu, wahai Tuhan maha mulia, maafkanlah saya, Engkau seharusnya memperlakukan saya sebagai Bapak kepada putranya, sebagai teman kepada temannya, sebagai kekasih kepada kekasihnya.",Bhagawadgita BAB XI,1,458
459,34,45,"adrsta-purvam hrsito ’smi drishtva
bhayena ca pravyathitam mano me
tad eva me darsaya deva rupam
prasida devesa jagan-nivasa

Saya gembira melihat apa yang belum pernah kulihat sebelumnya, tetapi hatiku gemetar ketakutan, tunjukkanlah wujud lainnya saja, ya Tuhan, berbaik hatilah, wahai Dewa dari para dewa, penopang alam semesta.",Bhagawadgita BAB XI,1,459
460,34,46,"kiritinam gadinam cakra-hastam
icchami tvam drastum aham tathaiva
tenaiva rupena catur-bhujena
sahasra-baho bhava vishva-murte

Saya ingin melihat-Mu kembali seperti semula, bermahkota, memegang gada dan cakra ditangan, dalam wujud-Mu yang berlengan empat, wahai yang bertangan seribu, Yang berwujud semesta.",Bhagawadgita BAB XI,1,460
461,34,47,"Sri-bhagavan uvaca:
maya prasannena tavarjunedam
rupam param darshitam atma-yogat
tejo-mayam vishvam anantam adyam
yan me tvad anyena na drsta-purvam

Sri Bhagavan bersabda:
Dengan berkah-Ku, telah kuperlihatkan kepadamu melalui kekuatan yoga-Ku, wahai Arjuna, wujud Utama-Ku, yang cemerlang, universal, tak terbatas, paling utama, yang tak seorangpun kecuali Engkau, yang telah melihatnya.",Bhagawadgita BAB XI,1,461
462,34,48,"na veda-yajnadhyayanair na danair
na ca kriyabhir na tapobhir ugraih
evam-rupah sakya aham nr-loke
drastum tvad anyena kuru-pravira

Bukan dengan yajna, dengan belajar Veda ataupun dengan beramal dan dengan upacara ataupun tapa brata, Aku dapat dilihat dalam rupa ini di dunia manusia oleh siapapun juga, kecuali Engkau wahai Arjuna.",Bhagawadgita BAB XI,1,462
463,34,49,"ma te vyatha ma ca vimudha-bhavo
drishtva rupam ghoram idrn mamedam
vyapeta-bhih prita-manah punas tvam
tad eva me rupam idam prapasya

Janganlah takut dan bingung melihat rupa-Ku yang maha hebat ini, bebaskan dirimu dari ketakutan dan senangkan hatimu, lihatlah olehmu wujud-Ku yang pertama itu lagi.",Bhagawadgita BAB XI,1,463
464,34,50,"Sanjaya uvaca:
ity arjunam vasudevas tathoktva
svakam rupam darsayam asa bhuyah
asvasayam asa ca bhitam enam
bhutva punah saumya-vapur mahatma

Sanjaya berkata:
Setelah Krsna berkata demikian kepada Arjuna, Vasudeva kembali memperlihatkan wujudnya semula, dan sang Mahatma dengan menggunakan wujud rupawannya menenangkan yang sedang ketakukan itu.",Bhagawadgita BAB XI,1,464
465,34,51,"Arjuna uvaca:
drstvedam manusam rupam
tava saumyam janardana
idanim asmi samvrttah
sa-cetah prakritim gatah

Arjuna berkata:
Setelah melihat wujud manusia-Mu yang lemah lembut kembali, wahai Krsna, kini aku menjadi tenang dan pulih kembali dalam keadaan biasa.",Bhagawadgita BAB XI,1,465
466,34,52,"Sri-bhagavan uvaca:
su-durdarsham idam rupam
drstavan asi yan mama
deva apy asya rupasya
nityam darshana-kanksinah

Sri Bhagavan bersabda:
Sungguh sukar melihat rupa-Ku, yang engkau telah saksikan, sedang para dewa sekalipun ingin untuk dapat menyaksikan wujud tersebut.",Bhagawadgita BAB XI,1,466
467,34,53,"naham vedair na tapasa
na danena na cejyaya
sakya evam-vidho drastum
drstavan asi mam yatha

Bukan dengan Veda, bukan dengan meditasi pun bukan dengan sedekah dan yajna, AKu dapat dilihat seperti cara ini yang telah engkau lihat Aku.",Bhagawadgita BAB XI,1,467
468,34,54,"bhaktya tv ananyaya sakya
aham evam-vidho ’rjuna
jnatum drastum ca tattvena
pravestum ca parantapa

Tetapi, melalui jalan bhakti yang tak tergoyahkan Aku dapat dilihat dalam realitasnya dan juga memasukinya, wahai penakluk musuh (Arjuna)",Bhagawadgita BAB XI,1,468
469,34,55,"mat-karma-krn mat-paramo
mad-bhaktah sanga-varjitah
nirvairah sarva-bhutesu
yah sa mam eti pandava

Ia yang melakukan kegiatan kerja untuk-Ku, yang memandang-Ku sebagai yang Utama, yang dibhaktikan kepada-Ku, yang bebas dari keterikatan, yang tanpa permusuhan terhadap sesama insani, dia datang kepada-Ku, wahai Putra Pandava 

 

Disini berakhir bab ke-sebelas dari Upanisad Bhagavadgita ajaran tentang Brahmavidya dan Yogasastra, berupa percakapan antara Sri Krsna dan Arjuna, yanag berjudul:
""VISVARUPA DARSANA YOGAH""",Bhagawadgita BAB XI,1,469
470,35,1,"Arjuna uvaca:
evam satata-yukta ye
bhaktas tvam paryupasate
ye capy aksharam avyaktam
tesham ke yoga-vittamah

Arjuna berkata:
Bhakta yang mantap senantiasa menyembah-Mu demikian dan yang lain lagi, menyembah yang Abstrak, yang kekal abadi, yang manakah dari keduanya ini yang lebih mahir dalam yoga.",Bhagawadgita BAB XII,1,470
471,35,2,"Sri-bhagavan uvaca:
mayy avesya mano ye mam
nitya-yukta upasate
shraddhaya parayopetas
te me yuktatama matah

Sri Bhagavan bersabda:
Mereka yang memusatkan pikirannya kepada-Ku, dengan senantiasa mengendalikannya dan dengan penuh kepercayaan, merekalah yang saya anggap terbaik dalam melaksanakan yoga.",Bhagawadgita BAB XII,1,471
472,35,3,"ye tv aksharam anirdesyam
avyaktam paryupasate
sarvatra-gam acintyam ca
kuta-stham acalam dhruvam

Tetapi mereka yang memuja Yang Kekal Abadi, yang tak terumuskan, Yang Tak Nyata, yang melingkupi segalanya, dan Yang Tak Terpikirkan, Yang Tak Berubah, Yang tak bergerak, Yang Abadi.",Bhagawadgita BAB XII,1,472
473,35,4,"sanniyamyendriya-gramam
sarvatra sama-buddhayah
te prapnuvanti mam eva
sarva-bhuta-hite ratah

Dengan mengendalikan seluruh indra, berpikiran tetap dan tenang, berusaha guna kesejahteraan semua insan, sebenarnya mereka juga sampai kepada-Ku.",Bhagawadgita BAB XII,1,473
474,35,5,"kleso ’dhikataras tesam
avyaktasakta-cetasam
avyakta hi gatir duhkham
dehavadbhir avapyate

Bagi mereka yang pikirannya dipusatkan kepada Yang Tak terwujud, kesulitannya lebih besar, karena sesungguhnya jalan dari Yang Tak Termanifestasikan sukar dicapai oleh orang yang mempunyai badan jasmani.",Bhagawadgita BAB XII,1,474
475,35,6,"ye tu sarvani karmani
mayi sannyasya mat-parah
ananyenaiva yogena
mam dhyayanta upasate

Sesungguhnya mereka yang menanggalkan segala kegiatan kerja mereka kepada-Ku, memuja-Ku, dan menganggap-Ku sebagai Tujuan Utama, bermeditasi kepada-Ku dengan yoga berpikiran tunggal.",Bhagawadgita BAB XII,1,475
476,35,7,"tesam aham samuddharta
mrityu-samsara-sagarat
bhavami na cirat partha
mayy avesita-cetasam

Bagi mereka yang pikirannya tertuju terus menerus kepada-Ku Partha(Arjuna), Aku segera menjadi penyelamat mereka dari lautan penderitaan mahluk fana.",Bhagawadgita BAB XII,1,476
477,35,8,"mayy eva mana adhatsva
mayi buddhim nivesaya
nivasisyasi mayy eva
ata urdhvam na samsayah

Pusatkan pikiranmu hanya kepada-Ku, biarlah kesadaranmu ada pada-Ku, setelah itu engkau akan hidup didalam-Ku, dan ini tak perlu disangsikan lagi.",Bhagawadgita BAB XII,1,477
478,35,9,"atha cittam samadhatum
na saknosi mayi sthiram
abhyasa-yogena tato
mam icchaptum dhananjaya

Apabila engkau tak mampu memusatkan pikiranmu dengan mantap kepada-Ku, maka kemudian usahakanlah mencapai-Ku dengan jalan yoga kebiasaan, wahai Dhananjaya (Arjuna)",Bhagawadgita BAB XII,1,478
479,35,10,"abhyase ’py asamartho ’si
mat-karma-paramo bhava
mad-artham api karmani
kurvan siddhim avapsyasi

Bila engkau tak sanggup menjalankan yoga kebiasaan, lakukanlah kerja demi Aku, kendatipun dengan melakukan kegiatan kerja demi untuk-Ku, engkau akan mencapai kesempurnaan.",Bhagawadgita BAB XII,1,479
480,35,11,"athaitad apy asakto ’si
kartum mad-yogam asritah
sarva-karma-phala-tyagam
tatah kuru yatatmavan

Apabila inipun tak dapat engkau lakukan, carilah perlindungan dalam yoga kepada-Ku, tinggalkanlah semua pahala karma itu, lakukan dengan berpegang teguh dalam pengendalian diri.",Bhagawadgita BAB XII,1,480
481,35,12,"sreyo hi jnanam abhyasaj
jnanad dhyanam visisyate
dhyanat karma-phala-tyagas
tyagac chantir anantaram

Sesungguhnya ilmu pengetahuan lebih baik dari kebiasaan, meditasi lebih baik dari ilmu pengetahuan, meninggalkan karma phala lebih baik dari meditasi, dari meninggalkan (karma phala itu) kedamaian akan datang kemudian.",Bhagawadgita BAB XII,1,481
482,35,13,"advesta sarva-bhutanam
maitrah karuna eva ca
nirmamo nirahankarah
sama-duhkha-sukhah ksami

Dia yang tidak membenci segala mahluk, bersahabat dan cinta kasih, bebas dari keakuan dan keangkuhan, sama dalam suka dan duka, pemberi maaf.",Bhagawadgita BAB XII,1,482
483,35,14,"santustah satatam yogi
yatatma drdha-niscayah
mayy arpita-mano-buddhir
yo mad-bhaktah sa me priyah

Seorang yogi yang selalu puas, mantap dalam meditasi, pengendalian diri, memiliki keyakinan yang teguh, dengan pikiran dan kecerdasan dipusatkan kepada-Ku, ia sesungguhnya bhakta-Ku yang terkasih.",Bhagawadgita BAB XII,1,483
484,35,15,"yasman nodvijate loko
lokan nodvijate ca yah
harsamarsa-bhayodvegair
mukto yah sa ca me priyah

Dia yang oleh siapa dunia ini tak diganggu dan tak mengganggu dunia ini, yang bebas dari kesenangan, kemarahan, ketakutan dan kebingungan, dia inilah yang terkasih.",Bhagawadgita BAB XII,1,484
485,35,16,"anapeksah sucir daksha
udasino gata-vyathah
sarvarambha-parityagi
yo mad-bhaktah sa me priyah

Dia yang tak mengharapkan apapun, murni dan giat, tak peduli, tak terusik, yang telah tidak memiliki pamrih apapun, dialah pemuja yang Ku-kasihi.",Bhagawadgita BAB XII,1,485
486,35,17,"yo na hrsyati na dvesti
na socati na kanksati
subhasubha-parityagi
bhaktiman yah sa me priyah

Dia yang tidak bersenang hati, tidak membenci, tidak berduka, dan tak menuruti nafsu keinginan, yang melepaskan kebaikan dan kebatilan dengan penuh kebaktian, dialah yang Ku-kasihi.",Bhagawadgita BAB XII,1,486
487,35,18,"samah satrau ca mitre ca
tatha manapamanayoh
sitosna-sukha-duhkhesu
samah sanga-vivarjitah

Dia yang sama terhadap kawan dan lawan, juga sama dalam kehormatan dan kehinaan, sama dalam panas dan dingin, suka dan duka, bebas dari keterikatan.",Bhagawadgita BAB XII,1,487
488,35,19,"tulya-ninda-stutir mauni
santusto yena kenacit
aniketah sthira-matir
bhaktiman me priyo narah

Kepada siapa puji dan maki sama, pendiam, puas terhadap apapun yang dialami, tanpa tempat tinggal, tegas dalam pandangan, berbhakti, orang inilah yang Ku-kasihi.",Bhagawadgita BAB XII,1,488
489,35,20,"ye tu dharmamritam idam
yathoktam paryupasate
sraddadhana mat-parama
bhaktas te ’tiva me priyah

Sesungguhnya ia yang melaksanakan ajaran dharma yang telah diturunkan dengan penuh keyakinan, dan menjadikan Aku sebagai tujuan, penganut inilah yang paling Aku kasihi, karena mereka sangat kasih kepada-Ku.



Disini berakhir Bab ke-duabelas dari Upanisad Bhagawadgita, Ajaran tentang Brahmavidya dan Yogasastra, berupa percakapan antara Sri Krsna dan Arjuna, yang berjudul :
""BHAKTI YOGAH""",Bhagawadgita BAB XII,1,489
490,36,1,"Arjuna uvaca:
prakritim purusham caiva
kshetram kshetra-jnam eva ca
etad veditum icchami
jnanam jneyam ca keshava

Arjuna berkata:
Prakrti dan purusa, ksetra dan ksetrajna, pengetahuan dan apa yang harus diketahui, semua ini aku ingin mengetahuinya, wahai Krsna.",Bhagawadgita BAB XIII,1,490
491,36,2,"Sri-bhagavan uvaca:
idam sariram kaunteya
kshetram ity abhidhiyate
etad yo vetti tam prahuh
kshetra-jna iti tad-vidah

Sri Bhagavan bersabda:
Badan ini dinamakan lapangan (ksetra) dan dia yang mengetahuinya disebut ksetrajna oleh para bijak, wahai Arjuna.",Bhagawadgita BAB XIII,1,491
492,36,3,"kshetra-jnam capi mam viddhi
sarva-kshetresu bharata
kshetra-kshetrajnayor jnanam
yat taj jnanam matam mama

Ketahuilah. Aku adalah ksetrajna dari semua ksetra, wahai Arjuna, demikian pula ilmu pengetahuan mengenai ksetra dan ksetrajna menurut pendapat-Ku adalah ilmu pengetahuan yang sesungguhnya.",Bhagawadgita BAB XIII,1,492
493,36,4,"tat kshetram yac ca yadrk ca
yad-vikari yatas ca yat
sa ca yo yat-prabhavas ca
tat samasena me shrinu

Dengarkanlah sekarang dari Aku secara singkat apa ksetra itu, bagaimana sifat-sifat perubahan-perubahannya, darimana asalnya siapa dia dan apa kekuatan-Nya.",Bhagawadgita BAB XIII,1,493
494,36,5,"rsibhir bahudha gitam
chandobhir vividhaih prithak
brahma-sutra-padais caiva
hetumadbhir viniscitaih

Oleh para rsi ini telah dinyanyikan dengan berbagai lagu pujaan masing-masing, dalam bait-bait dan kesimpulan kritis pada ajaran-ajaran brahmasutra.",Bhagawadgita BAB XIII,1,494
495,36,6,"maha-bhutany ahankaro
buddhir avyaktam eva ca
indriyani dasaikam ca
panca cendriya-gocarah

Mahabhuta, ahamkara, buddhi, dan juga yang tak termanifestasikan (prakrti), sepuluh indra, satu pikiran dan lima obyek indra itu.",Bhagawadgita BAB XIII,1,495
496,36,7,"iccha dvesah sukham duhkham
sanghatas cetana dhrtih
etat kshetram samasena
sa-vikaram udahrtam

Keinginan, kebencian, suka, duka, bercampuran, kesadaran, kemantapan, semuanya secara singkat merupakan bagian dari ksetra yang dilukiskan dengan perubahannya.",Bhagawadgita BAB XIII,1,496
497,36,8,"amanitvam adambhitvam
ahimsa ksantir arjavam
acaryopasanam shaucam
sthairyam atma-vinigrahah

Rendah hati, ketulusan, tanpa kekerasan, kesabaran, keadilan, serta mengabdi kepada guru, kesucian, keteguhan iman, dan mawas diri.",Bhagawadgita BAB XIII,1,497
498,36,9,"indriyarthesu vairagyam
anahankara eva ca
janma-mrityu-jara-vyadhi-
duhkha-dosanudarshanam

Ketidakinginan akan keduniawian, lenyapnya keakuan dan pemahaman akan keburukan kelahiran, kematian, usia tua, sakit dan kesengsaraan.",Bhagawadgita BAB XIII,1,498
499,36,10,"ashaktir anabhisvangah
putra-dara-grhadisu
nityam ca sama-cittatvam
istanistopapattisu

Ketidakterikatan, bebas dari ketergantungan pada anak, istri, rumah tangga dan sebagainya, selalu sama dalam menghadapi peristiwa yang menyenangkan dan yang tak menyenangkan.",Bhagawadgita BAB XIII,1,499
500,36,11,"mayi cananya-yogena
bhaktir avyabhicarini
vivikta-desa-sevitvam
aratir jana-samsadi

Berbhakti kepada-Ku dengan keteguhan hati tanpa tujuan lain melalui yoga, sering-sering pergi ke tempat sunyi, menjauhi masyarakan manusia.",Bhagawadgita BAB XIII,1,500
501,36,12,"adhyatma-jnana-nityatvam
tattva-jnanartha-darshanam
etaj jnanam iti proktam
ajnanam yad ato ’nyatha

Berusaha dengan sungguh-sungguh dalam ilmu pengetahuan rohani, pengetahuan tentang kebenaran, memahami sedalam-dalamnya tujuannya, inilah yang disebut pengetahuan dan semua yang lainnya adalah kebodohan.",Bhagawadgita BAB XIII,1,501
502,36,13,"jneyam yat tat pravaksyami
yaj jnatvamritam asnute
anadi mat-param brahma
na sat tan nasad ucyate

Apa yang harus diketahui, akan aku nyatakan, dimana dengan mengetahuinya, seseorang akan mencapai keabadian, yaitu Brahman (Tuhan) tanpa awal, yang dikatakan ""sat"" ataupun ""asat"".",Bhagawadgita BAB XIII,1,502
503,36,14,"sarvatah pani-padam tat
sarvato ’ksi-siro-mukham
sarvatah shrutimal loke
sarvam avrtya tishthati

Dengan tangan, kaki dimana-mana, mata, kepala, mulut dimana-mana dan pendengaran disemua penjuru, ia ada dalam alam semesta meliputi semuanya.",Bhagawadgita BAB XIII,1,503
504,36,15,"sarvendriya-gunabhasam
sarvendriya-vivarjitam
asaktam sarva-bhrc caiva
nirgunam guna-bhoktr ca

Seakan-akan memiliki sifat-sifat indra, namun tanpa indra, mutlak namun menghidupi semuanya, tanpa atribut namun menikmatinya.",Bhagawadgita BAB XIII,1,504
505,36,16,"bahir antas ca bhutanam
acaram caram eva ca
suksmatvat tad avijneyam
dura-stham cantike ca tat

Ada didalam dan diluar semua insani, tak bergerak tetapi bergerak, terlalu amat halus untuk diketahui, jauh nian tetapi dekat sekali.",Bhagawadgita BAB XIII,1,505
506,36,17,"avibhaktam ca bhutesu
vibhaktam iva ca sthitam
bhuta-bhartr ca taj jneyam
grasisnu prabhavishnu ca

Tak dapat dibagi-bagi namun ada disetiap insani, seakan-akan terbagi dan yang diketahui sebagai pemelihara semua mahluk memusnahkan dan menciptakan mereka.",Bhagawadgita BAB XIII,1,506
507,36,18,"jyotisam api taj jyotis
tamasah param ucyate
jnanam jneyam jnana-gamyam
hridi sarvasya visthitam

Dia adalah cahaya dari semua cahaya, dikatakan mengatasi kegelapan, ilmu pengetahuan yang harus diketahui dan tujuan ilmu pengetahuan, berada didalam hati sanubari semua (insani)",Bhagawadgita BAB XIII,1,507
508,36,19,"iti kshetram tatha jnanam
jneyam coktam samasatah
mad-bhakta etad vijnaya
mad-bhavayopapadyate

Jadi, ksetra, jnanam dan jneya secara singkat telah dinyatakan, para penganut-Ku, yang mengetahuinya mencapai tempat-Ku.",Bhagawadgita BAB XIII,1,508
509,36,20,"prakritim purusham caiva
viddhy anadi ubhav api
vikarams ca gunams caiva
viddhi prakriti-sambhavan

Ketahui juga olehmu, bahwa prakrti dan purusa, keduanya tanpa awal dan ketahui pulalah bahwa perubahan dan triguna-nya terlahir dari prakrti juga.",Bhagawadgita BAB XIII,1,509
510,36,21,"karya-karana-kartrtve
hetuh prakritir ucyate
purushah sukha-duhkhanam
bhoktrtve hetur ucyate

Prakrti disebut sebagai penyebab terciptanya badan dan indra-indra dan purusa dikatakan sebagai penyebab adanya pengalaman suka dan duka.",Bhagawadgita BAB XIII,1,510
511,36,22,"purushah prakriti-stho hi
bhunkte prakriti-jan gunan
karanam guna-sango ’sya
sad-asad-yoni-janmasu

Purusa yang diam dalam prakrti mengalami triguna yang ada pada prakrti sendiri dan ikatan dengan atribut menimbulkan akibat kelahiran baik buruknya pada kandungan.",Bhagawadgita BAB XIII,1,511
512,36,23,"upadrastanumanta ca
bharta bhokta maheshvarah
paramatmeti capy ukto
dehe ’smin purushah parah

Maha-purusa yang ada dalam badan disebut saksi, pengawas, pendukung, yang mengalami, penguasa tertinggi, paramatman.",Bhagawadgita BAB XIII,1,512
513,36,24,"ya evam vetti purusham
prakritim ca gunaih saha
sarvatha vartamano ’pi
na sa bhuyo ’bhijayate

Dia yang mengetahui purusa dan prakrti dengan segala sifatnya, walau bagaimanapun cara hidupnya, ia tak akan menjelma kembali.",Bhagawadgita BAB XIII,1,513
514,36,25,"dhyanenatmani pasyanti
kecid atmanam atmana
anye sankhyena yogena
karma-yogena capare

Dengan meditasi, seseorang memandang sang Diri pada sang diri dengan sang diri, yang lain dengan jalan samkhya (jalan pengetahuan) dan yang lain dengan jalan karma yoga.",Bhagawadgita BAB XIII,1,514
515,36,26,"anye tv evam ajanantah
srutvanyebhya upasate
te ’pi catitaranty eva
mrityum shruti-parayanah

Namun yang lain, karena ketidaktahuan, mendengar dari orang lain lalu memuja, merekapun mengatasi kematian dengan mengabdikan diri pada apa yang telah didengar.",Bhagawadgita BAB XIII,1,515
516,36,27,"yavat sanjayate kincit
sattvam sthavara-jangamam
kshetra-kshetrajna-samyogat
tad viddhi bharatarsabha

Apapun yang diciptakan, wahai yang terbaik dari wangsa Bharata, yang bergerak atau yang tidak bergerak, ketahuilah itu terjadi karena hubungan antara yang mengetahui lapangan (ksetrajna) dengan lapangannya (ksetra)",Bhagawadgita BAB XIII,1,516
517,36,28,"samam sarveshu bhutesu
tisthantam paramesvaram
vinasyatsv avinasyantam
yah pasyati sa pasyati

Dia yang melihat Yang Maha Kuasa (parameswara) bersemayam sama dalam semua mahluk, yang tiada musnah walau berapa pada mereka yang musnah, sesungguhnya ialah yang melihat.",Bhagawadgita BAB XIII,1,517
518,36,29,"samam pasyan hi sarvatra
samavasthitam ishvaram
na hinasty atmanatmanam
tato yati param gatim

Karena, ia yang melihat Yang Maha Kuasa bersemayam sama dimana-mana, tidak menyakiti jiwa dengan jiwa, sehingga ia mencapai tujuan utama.",Bhagawadgita BAB XIII,1,518
519,36,30,"prakrityaiva ca karmani
kriyamanani sarvasah
yah pasyati tathatmanam
akartaram sa pasyati

Dia yang melihat segala karma hanya dilakukan oleh prakrti dan jiwa tidak melaksanakannya, ialah sesungguhnya yang melihat.",Bhagawadgita BAB XIII,1,519
520,36,31,"yada bhuta-prithag-bhavam
eka-stham anupasyati
tata eva ca vistaram
brahma sampadyate tada

Bila ia menyadari semua insani berdiam pada Yang Maha Esa itu dan merupakan evolusi dari pada-Nya, maka ua mencapai Brahman.",Bhagawadgita BAB XIII,1,520
521,36,32,"anaditvan nirgunatvat
paramatmayam avyayah
sarira-stho ’pi kaunteya
na karoti na lipyate

Yang tanpa permulaan, tanpa sifat-sifat (nirguna), sang Diri Utama yang abadi, wahai Arjuna, walaupun bersemayam dibadan ini, tidak berbuat dan tidak ternodakan.",Bhagawadgita BAB XIII,1,521
522,36,33,"yatha sarva-gatam sauksmyad
akasam nopalipyate
sarvatravasthito dehe
tathatma nopalipyate

Seperti ether yang meliputi segalanya tak ternoda, demikian pula sang diri(atman) yang ada dimana-mana disekujur badan, tak berlumuri oleh noda.",Bhagawadgita BAB XIII,1,522
523,36,34,"yatha prakasayaty ekah
krtsnam lokam imam ravih
kshetram ksetri tatha krtsnam
prakasayati bharata

Seperti satu matahari ini, yang menyinari seluruh bumi, demikian pula penguasa ksetra (badan) ini menerangi seluruh badan jasmani, wahai Bharata.",Bhagawadgita BAB XIII,1,523
524,36,35,"kshetra-kshetrajnayor evam
antaram jnana-caksusa
bhuta-prakriti-moksham ca
ye vidur yanti te param

Mereka yang memahami dengan mata ilmu pengetahuan, perbedaan antara ksetra dan ksetrajna, serta terbebasnya mahluk dari prakrti, merekalah yang pergi ke Yang Maha Tinggi.


 Disini berakhir Bab ke-tigabelas dari Upanisad Bhagavadgita, tentang ajaran Brahmavidya dan Yogasastra, berupa percakapan antara Sri Krsna dan Arjuna, yang berjudul:
""KSETRA KSETRAJNA VIBHAGA YOGAH""",Bhagawadgita BAB XIII,1,524
525,37,1,"Sri-bhagavan uvaca:
param bhuyah pravaksyami
jnananam jnanam uttamam
yaj jnatva munayah sarve
param siddhim ito gatah

Sri Bhagavan bersabda:
Saya akan jelaskan lagi tentang ilmu pengetahuan utama, yang terbaik dari semua ilmu pengetahuan, dimana dengan mengetahuinya para muni semua bebas dari dunia ini, mencapai kesempurnaan tertinggi.",Bhagawadgita BAB XIV,1,525
526,37,2,"idam jnanam upasritya
mama sadharmyam agatah
sarge ’pi nopajayante
pralaye na vyathanti ca

Mereka yang mengabdikan diri pada ilmu pengetahuan ini dan selaras dengan sifat-Ku sendiri, tak akan menjelma kembali pada saat penciptaan dunia ini, juga tak akan terganggu pada saat datangnya kiamat.",Bhagawadgita BAB XIV,1,526
527,37,3,"mama yonir mahad brahma
tasmin garbham dadhamy aham
sambhavah sarva-bhutanam
tato bhavati bharata

Kandungan-Ku adalah Maha brahma (prakrti) dimana aku meletakkan benih (kehidupan) didalamnya dan dari sanalah adaanya semua kelahiran mahluk ini, wahai Arjuna.",Bhagawadgita BAB XIV,1,527
528,37,4,"sarva-yonisu kaunteya
murtayah sambhavanti yah
tasam brahma mahad yonir
aham bija-pradah pita

Apapun wujud yang lahir itu, wahai Arjuna, pada kandungan siapapun, Maha Brahma adalah kandungannya dan Aku adalah bapak pemberi benihnya.",Bhagawadgita BAB XIV,1,528
529,37,5,"sattvam rajas tama iti
gunah prakriti-sambhavah
nibadhnanti maha-baho
dehe dehinam avyayam

Sattva-Rajah - Tamah, ini adalah guna (sifat hakekat) yang lahir dari prakrti, wahai yang berlengan perkasa (Arjuna), yang mengikat penghuni badan yang kekal itu dengan eratnya.",Bhagawadgita BAB XIV,1,529
530,37,6,"tatra sattvam nirmalatvat
prakasakam anamayam
sukha-sangena badhnati
jnana-sangena canagha

Dari sini sifat sattva memancar karena kesuciannya, tanpa mengenal penderitaan, dengan belenggu kebahagiaan dan ilmu pengetahuan, wahai yang tanpa dosa (Arjuna)",Bhagawadgita BAB XIV,1,530
531,37,7,"rajo ragatmakam viddhi
trsna-sanga-samudbhavam
tan nibadhnati kaunteya
karma-sangena dehinam

Ketahuilah wahai Arjuna, Rajah bersumber dari nafsu yang lahir dari keterikatan pada keinginan, yang mengikat penghuni badan ini untuk melakukan kegiatan kerja.",Bhagawadgita BAB XIV,1,531
532,37,8,"tamas tv ajnana-jam viddhi
mohanam sarva-dehinam
pramadalasya-nidrabhis
tan nibadhnati bharata

Ketahuilah (pula) wahai Bharata, sifat tamah sesungguhnya lahir dari kebodohan, yang membingungkan semua perwujudan dengan mengikatnya dengan ketololan, kemalasan dan ketiduran.",Bhagawadgita BAB XIV,1,532
533,37,9,"sattvam sukhe sanjayati
rajah karmani bharata
jnanam avrtya tu tamah
pramade sanjayaty uta

Sattva mengikat seseorang pada kebagagiaan, rajah pada kegiatan kerja, wahai Bharata, sedangkan tamah menyelubungi pengetahuan dan mengikat kita pada kekurang waspadaan.",Bhagawadgita BAB XIV,1,533
534,37,10,"rajas tamas cabhibhuya
sattvam bhavati bharata
rajah sattvam tamas caiva
tamah sattvam rajas tatha

(Bila) Sattva mengatasi rajah dan tamah, wahai Arjuna, demikian pula bila rajah mendominasi tamah dan sattva, sebagaimana juga adanya tamah yang mengatasi sattva dan rajah.",Bhagawadgita BAB XIV,1,534
535,37,11,"sarva-dvaresu dehe ’smin
prakasa upajayate
jnanam yada tada vidyad
vivrddham sattvam ity uta

Kalau sinar pengetahuan memancar menembus melalui seluruh gerbang badan ini, maka dapat diketahui bahwasifat sattva ini telah mendominasi.",Bhagawadgita BAB XIV,1,535
536,37,12,"lobhah pravrttir arambhah
karmanam asamah sprha
rajasy etani jayante
vivrddhe bharatarsabha

Loba, giat dalam usaha, gelisah dalam kerja dan bernafsu, ini muncul apabila sifat rajah bertambah kuasa, wahai Arjuna.",Bhagawadgita BAB XIV,1,536
537,37,13,"aprakaso ’pravrttis ca
pramado moha eva ca
tamasy etani jayante
vivrddhe kuru-nandana

Kekurang cerahan, tidak aktif, keteledoran dan juga kebingungan, semua ini timbul dari sifat tamah, yang makin bertambah kuat, wahai Arjuna.",Bhagawadgita BAB XIV,1,537
538,37,14,"yada sattve pravrddhe tu
pralayam yati deha-bhrt
tadottama-vidam lokan
amalan pratipadyate

Tetapi bila sattva bertambah saat menemui ajal, para arif mengetahui perginya ke alam tertinggi yang tanpa cela.",Bhagawadgita BAB XIV,1,538
539,37,15,"rajasi pralayam gatva
karma-sangisu jayate
tatha pralinas tamasi
mudha-yonisu jayate

Meninggal dalam dominasi sifat rajah, seseorang akan lahir diantara mereka yang terikat oleh karma, demikian pula yang dalam sifat tamah, akan lahir dalam kandungan diantara yang bodoh.",Bhagawadgita BAB XIV,1,539
540,37,16,"karmanah sukritasyahuh
sattvikam nirmalam phalam
rajasas tu phalam duhkham
ajnanam tamasah phalam

Dinyatakan hasil perbuatan orang yang sattvika adalah memperoleh kesucian, tetapi pahala sifat rajah adalah penderitaan sedangkan kebodohan adalah pahala sifat tamah.",Bhagawadgita BAB XIV,1,540
541,37,17,"sattvat sanjayate jnanam
rajaso lobha eva ca
pramada-mohau tamaso
bhavato ’jnanam eva ca

Dari sifat sattva muncul kebijaksanaan dan sifat rajas (timbul) loba, demikian pula dari tamas timbul ketidak perdulian dan kesalahan, demikian juga kebodohan.",Bhagawadgita BAB XIV,1,541
542,37,18,"urdhvam gacchanti sattva-stha
madhye tisthanti rajasah
jaghanya-guna-vrtti-stha
adho gacchanti tamasah

Ke atas perginya yang sattvika, ditengah-tengah bersemayamnya yang rajasika sedangkan yang tamasika ke bawah perginya, diantar sifat keadaan yang paling rendah.",Bhagawadgita BAB XIV,1,542
543,37,19,"nanyam gunebhyah kartaram
yada drastanupasyati
gunebhyas ca param vetti
mad-bhavam so ’dhigacchati

Bila yang menyaksikan memahami bahwa pelakunya tidak lain dari pada guna itu, dan mengetahui-Nya yang lebih tinggi dari guna itu, maka ia mencapai keberadaan-Ku.",Bhagawadgita BAB XIV,1,543
544,37,20,"gunan etan atitya trin
dehi deha-samudbhavan
janma-mrityu-jara-duhkhair
vimukto ’mrtam asnute

Bila yang berwujud telah melampaui ketiga guna, dan mengembangkan badannya, maka ia bebas dari kelahiran, kematian, umur tua dan penderitaan dan mencapai hidup abadi.",Bhagawadgita BAB XIV,1,544
545,37,21,"Arjuna uvaca:
kair lingais trin gunan etan
atito bhavati prabho
kim acarah katham caitams
trin gunan ativartate

Arjuna berkata:
Wahai Bhagavan, apakah tanda mereka yang telah mengatasi triguna ini, Bagaimana pula kehidupannya? bagaimana ia melampaui triguna itu?",Bhagawadgita BAB XIV,1,545
546,37,22,"Sri-bhagavan uvaca:
prakasam ca pravrttim ca
moham eva ca pandava
na dvesti sampravrttani
na nivrttani kanksati


Sri Bhagavan bersabda:
Wahai Pandava, mereka yang tidak membenci kecemerlangan, kegiatan dan juga kebingungan apabila mereka muncul, ataupun menghendakinya bila tidak ada lagi.",Bhagawadgita BAB XIV,1,546
547,37,23,"udasina-vad asino
gunair yo na vicalyate
guna vartanta ity evam
yo ’vatishthati nengate

Yang duduk sebagai orang yang tak peduli, tak terganggu oleh sifat-sifat ini, yang memahami bahwa hanya guna yang berbuat, ia tetap mantap tak tergoyahkan.",Bhagawadgita BAB XIV,1,547
548,37,24,"sama-duhkha-sukhah sva-sthah
sama-lostasma-kancanah
tulya-priyapriyo dhiras
tulya-nindatma-samstutih

Dia yang seimbang terhadap suka dan duka, percaya pada diri sendiri, melihat sama terhadap segumpal batu maupun emas, sama terhadap yang dicintai dan yang tidak dicintai, teguh pada pendirian, baik terhadap cacian dan pujian.",Bhagawadgita BAB XIV,1,548
549,37,25,"manapamanayos tulyas
tulyo mitrari-pakshayoh
sarvarambha-parityagi
gunatitah sa ucyate

Ia yang melihat sama terhadap kehormatan maupun kehinaan, sama pula terhadap kawan dan lawan, meninggalkan semua kegiatan usaha, dialah yang telah dikatakan mengatasi triguna.",Bhagawadgita BAB XIV,1,549
550,37,26,"mam ca yo ’vyabhicarena
bhakti-yogena sevate
sa gunan samatityaitan
brahma-bhuyaya kalpate

Ia yang mengabdi kepada-Ku dengan bhakti yang tulus, setelah mengatasi guna, layak manunggal dengan Brahman.",Bhagawadgita BAB XIV,1,550
551,37,27,"brahmano hi pratishthaham
amritasyavyayasya ca
sasvatasya ca dharmasya
sukhasyaikantikasya ca

Sesungguhnya, Aku adalah tempatnya Brahma, aku adalah amrta yang kekal dan tak termusnahkan, dharma abadi dan kebahagiaan tertinggi. 



 Disini berakhir Bab ke-empat belas dari Upanisad Bhagavadgita, ajaran tentang Brahmavidya dan Yogasastra, berupa percakapan antara Sri Krsna dan Arjuna, yang berjudul:
 ""GUNA TRAYA VIBHAGA YOGAH""",Bhagawadgita BAB XIV,1,551
552,38,1,"Sri-bhagavan uvaca:
urdhva-mulam adhah-sakham
ashvattham prahur avyayam
chandamsi yasya parnani
yas tam veda sa veda-vit

Sri Bhagavan bersabda:
Mereka berbicara tentang pohon abadi Asvattha dengan akarnyeda, diatas dan dahannya dibawah, dengan daun-daunnya adalah metrum-metrum Veda, yang mengetahui hal ini adalah yang mengetahui Veda itu.",Bhagawadgita BAB XV,1,552
553,38,2,"adhas cordhvam prasrtas tasya sakha
guna-pravrddha visaya-pravalah
adhas ca mulany anusantatani
karmanubandhini manushya-loke

Dahannya tumbuh menyebar ke bawah dan ke atas dibesarkan oleh guna, objek indra sebagai kuncupnya dan akarnya menyebar ke bawah menumbuhkan kegiatan kerja di dunia manusia.",Bhagawadgita BAB XV,1,553
554,38,3,"na rupam asyeha tathopalabhyate
nanto na cadir na ca sampratishtha
ashvattham enam su-virudha-mulam
asanga-sastrena drdhena chittva

Bentuknya tak dapat dibayangkan disini, baik akhirnya, asal-mula dan keberadaannya. setelah menebang habis pohon Asvattha yang berakar kuat dari cengkramannya dengan kapak kuat keterikatan.",Bhagawadgita BAB XV,1,554
555,38,4,"tatah padam tat parimargitavyam
yasmin gata na nivartanti bhuyah
tam eva cadyam purusham prapadye
yatah pravrttih prasrta purani

Kemudian, jalan yang membawa seseorang dan tidak kembali lagi harus dicari dengan menyatakan, aku berlindung pada Purusa awal, darimana kegiatan abadi memancar.",Bhagawadgita BAB XV,1,555
556,38,5,"nirmana-moha jita-sanga-dosa
adhyatma-nitya vinivrtta-kamah
dvandvair vimuktah sukha-duhkha-samjnair
gacchanty amudhah padam avyayam tat

Bebas dari keangkuhan dan ilusi, dengan menaklukkan keburukan ikatan keinginan selalu berlindung pada sang Diri, keinginan mereka sepenuhnya mantap, bebas dari dualisme suka duka, yang tak terbingungkan mencapai Tujuan Abadi.",Bhagawadgita BAB XV,1,556
557,38,6,"na tad bhasayate suryo
na sasanko na pavakah
yad gatva na nivartante
tad dhama paramam mama

Tempat itu tidak disinari oleh sinar matahari, bulan maupun api, ke tempat itulah seseorang akan pergi dan tidak kembali, itulah tempatku yang tertinggi.",Bhagawadgita BAB XV,1,557
558,38,7,"mamaivamso jiva-loke
jiva-bhutah sanatanah
manah-sasthanindriyani
prakriti-sthani karshati

Aku sendiri melalui bagian yang abadi itu setelah menjadi jiwa di dunia ini, menarik indra-indra dengan pikiran sebagai indra ke enam, bersemayam dalam prakrti.",Bhagawadgita BAB XV,1,558
559,38,8,"sariram yad avapnoti
yac capy utkramatishvarah
grhitvaitani samyati
vayur gandhan ivasayat

Bila Tuhan mengenakan suatu badan jasmani dan apabila ia meninggalkannya, ia juga membawa serta mereka dan berlalu, bagaikan angin yang membawa bau harum dari sumbernya.",Bhagawadgita BAB XV,1,559
560,38,9,"srotram caksuh sparshanam ca
rasanam ghranam eva ca
adhisthaya manas cayam
visayan upasevate<

Dengan menggunakan telinga, mata, alat penyentuh, alat perasa, alat pencium juga pikiran, ia menikmati objek-objek indra.",Bhagawadgita BAB XV,1,560
561,38,10,"utkramantam sthitam vapi
bhunjanam va gunanvitam
vimudha nanupasyanti
pasyanti jnana-caksusah

Mereka yang tersesat tak melihat yang pergi, tinggal dan menikmati, yang bersatu dengan guna, tetapi yang memiliki mata kebijaksanaan, dapat melihatnya.",Bhagawadgita BAB XV,1,561
562,38,11,"yatanto yoginas cainam
pasyanty atmany avasthitam
yatanto ’py akritatmano
nainam pasyanty acetasah

Para yogi yang berusaha mengenali yang bersemayam pada sang diri, tetapi mereka yang tak tersucikan dan bodoh, walaupun telah berusaha, tak melihat-Nya.",Bhagawadgita BAB XV,1,562
563,38,12,"yad aditya-gatam tejo
jagad bhasayate ’khilam
yac candramasi yac cagnau
tat tejo viddhi mamakam

Cahaya, yang menetap pada matahari menerangi seluruh dunia, yang ada pada bulan dan dalam api, ketahuilah bahwa sinar itu adalah cahaya-Ku.",Bhagawadgita BAB XV,1,563
564,38,13,"gam avisya ca bhutani
dharayamy aham ojasa
pusnami causadhih sarvah
somo bhutva rasatmakah

Setelah masuk ke dalam bumi, Aku pelihara semua insan dengan energi-Ku, setelah menjadi cairan soma, aku hidupi tumbuh-tumbuhan semua.",Bhagawadgita BAB XV,1,564
565,38,14,"aham vaisvanaro bhutva
praninam deham asritah
pranapana-samayuktah
pacamy annam catur-vidham

Setelah menjadi api dari badan mahluk hidup dan bersatu dengan keluar masuknya pernafasan, aku cernakan empat jenis makanan itu.",Bhagawadgita BAB XV,1,565
566,38,15,"sarvasya caham hridi sannivisto
mattah smritir jnanam apohanam ca
vedais ca sarvair aham eva vedyo
vedanta-krd veda-vid eva caham

Aku berdiam dalam hati semua, ingatan dan ilmu pengetahuan, hilangnya ingatan datangnya dari Aku, sesungguhnya Akulah yang harus diketahui oleh semua kitab Veda, Akulah pencipta Vedanta dan Aku pula yang mengetahui Veda.",Bhagawadgita BAB XV,1,566
567,38,16,"dvav imau purushau loke
ksharas cakshara eva ca
ksharah sarvani bhutani
kuta-stho ’kshara ucyate

Sesungguhnya ada dua macam purusa di dunia ini, yang termusnahkan dan yang tak termusnahkan, semua mahluk adalah yang termusnahkan, dan kutasya disebut sebagai yang tak termusnahkan.",Bhagawadgita BAB XV,1,567
568,38,17,"uttamah purushas tv anyah
paramatmety udahrtah
yo loka-trayam avisya
bibharty avyaya ishvarah

Sesungguhnya Purusa Utama disebut dengan gelar lain, sang Diri tertinggi, Penguasa Utama, yang meliputi tiga dunia ini (untuk) memeliharanya.",Bhagawadgita BAB XV,1,568
569,38,18,"yasmat ksharam atito ’ham
aksharad api cottamah
ato ’smi loke vede ca
prathitah purushottamah

Oleh karena Aku melampaui yang termusnahkan dan lebih tinggi dari yang tak termusnahkan, maka Aku dipuja sebagai Purusa Uttama di dunia maupun dalam kitab-kitab Veda.",Bhagawadgita BAB XV,1,569
570,38,19,"yo mam evam asammudho
janati purushottamam
sa sarva-vid bhajati mam
sarva-bhavena bharata

Dia yang tidak tersesat oleh ilusi mengetahui Aku sebagai sang Diri tertinggi sesungguhnya dia mengetahui segalanya dan memuja-Ku dengan segenap jiwa raganya, wahai Bharata.",Bhagawadgita BAB XV,1,570
571,38,20,"iti guhyatamam shastram
idam uktam mayanagha
etad buddhva buddhiman syat
krita-krtyas ca bharata

Jadi, ajaran rahasia ini telah Ku-berikan, wahai Anagha, dengan mengetahui ini, orang akan menjadi arif bijaksana(tercerahi) dan telah melaksanakan segala kewajibannya, wahai Bharata. 


Disini berakhir Bab ke-lima belas dari Upanisad Bhagavadgita, ajaran tentang Brahmavidya dan Yogasastra, berupa percakapan antara Sri Krsna dan Arjuna yang berjudul:
 ""PURUSOTTAMA YOGAH""",Bhagawadgita BAB XV,1,571
572,39,1,"Sri-bhagavan uvaca:
abhayam sattva-samsuddhir
jnana-yoga-vyavasthitih
danam damas ca yajnas ca
svadhyayas tapa arjavam

Sri Bhagavan bersabda:
Tak gentar, kemurnian hati, bijaksana, mantap dalam mencari pengetahuan dan melakukan yoga, dermawan, menguasai indra, berkurban dan mempelajari kitab suci, melakukan tapah dan kejujuran.",Bhagawadgita BAB XVI,1,572
573,39,2,"ahimsa satyam akrodhas
tyagah shantir apaisunam
daya bhutesv aloluptvam
mardavam hrir acapalam

Tidak menyakiti, benar, bebas dari nafsu amarah, tanpa keterikatan, tenang, tidak memfitnah, kasih sayang kepada sesama mahluk, tidak dibingungkan oleh keinginan, lemah lembut, sopan dan berketetapan hati.",Bhagawadgita BAB XVI,1,573
574,39,3,"tejah ksama dhrtih shaucam
adroho nati-manita
bhavanti sampadam daivim
abhijatasya bharata

Cekatan, suka memaafkan, teguh iman, budi luhur, tidak iri hati, tanpa keangkuhan, semua ini adalah harta, dari dia yang dilahirkan dengan sifat-sifat devata, wahai Arjuna.",Bhagawadgita BAB XVI,1,574
575,39,4,"dambho darpo ’bhimanas ca
krodhah parusyam eva ca
ajnanam cabhijatasya
partha sampadam asurim

Berpura-pura, angkuh, membanggakan diri, marah, kasar, bodoh, semuanya ini adalah keadaan mereka yang dilahirkan dengan sifat-sifat raksasa, wahai Partha (Arjuna)",Bhagawadgita BAB XVI,1,575
576,39,5,"daivi sampad vimokshaya
nibandhayasuri mata
ma sucah sampadam daivim
abhijato ’si pandava

Sifat-sifat ilahi dipandang sebagai jalan menuju moksa dan bersifat jahat adalah jalan menuju keterikatan, janganlah bersedih, wahai Pandava, engkau dilahirkan dengan sifat-sifat devata.",Bhagawadgita BAB XVI,1,576
577,39,6,"dvau bhuta-sargau loke ’smin
daiva asura eva ca
daivo vistarasah prokta
asuram partha me shrinu

Ada dua macam mahluk ciptaan di dunia ini, yang mulia dan yang jahat, yang mulia telah di uraikan secara terperinci, (selanjutnya) dengarkan tentang yang jahat, dari Aku, wahai Partha (Arjuna)",Bhagawadgita BAB XVI,1,577
578,39,7,"pravrttim ca nivrttim ca
jana na vidur asurah
na shaucam napi cacaro
na satyam tesu vidyate

Yang jahat tidak mengetahui apa yang boleh dilakukan dan apa yang tidak, demikian pula mereka tidak memiliki kemurnian, kelakukan baik maupun kebenaran.",Bhagawadgita BAB XVI,1,578
579,39,8,"asatyam apratishtham te
jagad ahur anishvaram
aparaspara-sambhutam
kim anyat kama-haitukam

Mereka mengatakan, ""dunia ini tidak nyata, tanpa dasar moral, tanpa Tuhan, yang timbul hanya karena hubungan yang disebabkan oleh hawa nafsu birahi, lain tidak""",Bhagawadgita BAB XVI,1,579
580,39,9,"etam drstim avastabhya
nastatmano ’lpa-buddhayah
prabhavanty ugra-karmanah
ksayaya jagato ’hitah

Jiwa yang rusak dengan pengertian picik ini, timbul karena pandangan yang teguh ini, menimbulkan perbuatan keji yang menonjol untuk memusnahkan dunia sebagai musuhnya.",Bhagawadgita BAB XVI,1,580
581,39,10,"kamam asritya duspuram
dambha-mana-madanvitah
mohad grhitvasad-grahan
pravartante ’suci-vratah

Dengan menyerahkan diri kepada kama yang dikuasai oleh sifat berpura-pura, kebanggaan dan kesombongan, yang memiliki pemikiran jahat karena ilusi mereka berbuat hal-hal yang tidak suci.",Bhagawadgita BAB XVI,1,581
582,39,11,"cintam aparimeyam ca
pralayantam upasritah
kamopabhoga-parama
etavad iti niscitah

Keinginan yang tak habis-habisnya, yang hanya berakhir pada kematian, dengan menganggap pemuasan nafsu keinginan sebagai tujuan utama, dengan keyakinan bahwa itulah semuanya.",Bhagawadgita BAB XVI,1,582
583,39,12,"asa-pasa-satair baddhah
kama-krodha-parayanah
ihante kama-bhogartham
anyayenartha-sancayan

Dibelenggu oleh ratusan ikatan harapan, menyerahkan diri kepada nafsu dan kemarahan, mereka berusaha mengumpulkan kekayaan demi kepuasan nafsu dengan jalan yang tidak benar.",Bhagawadgita BAB XVI,1,583
584,39,13,"idam adya maya labdham
imam prapsye manoratham
idam astidam api me
bhavisyati punar dhanam

Hari ini telah kudapatkan, keinginan ini harus kupenuhi, ini adalah kepunyaanku dan kekayaan itu juga akan menjadi milikku nantinya.",Bhagawadgita BAB XVI,1,584
585,39,14,"asau maya hatah satrur
hanisye caparan api
isvaro ’ham aham bhogi
siddho ’ham balavan sukhi

Musuh ini telah kubunuh dan yang lain akan ku bunuh pula, aku adalah penguasa, aku adalah penikmat, aku berhasil, berkuasa dan bahagia.",Bhagawadgita BAB XVI,1,585
586,39,15,"adhyo ’bhijanavan asmi
ko ’nyo ’sti sadrso maya
yaksye dasyami modisya
ity ajnana-vimohitah

Aku kaya raya dan kelahiran bangsawan, siapakah yang bisa menyamaiku? aku akan mengadakan upacara, aku berderma, aku bergembira, demikian mereka menghayal dalam ketololan.",Bhagawadgita BAB XVI,1,586
587,39,16,"aneka-citta-vibhranta
moha-jala-samavrtah
prasaktah kama-bhogesu
patanti narake ’sucau

Berbagai macam pikiran, terperangkap oleh jaring pikiran yang membingungkan, terseret ke dalam pemuasan nafsu mereka jatuh ke dalam neraka yang menjijikan.",Bhagawadgita BAB XVI,1,587
588,39,17,"atma-sambhavitah stabdha
dhana-mana-madanvitah
yajante nama-yajnais te
dambhenavidhi-purvakam

Dengan memuji diri, benar sendiri, bangga dan mabuk akan harta, mereka mengadakan bermacam-macam upacara kurban sebagai pulasan belaka, tanpa mengindahkan aturan.",Bhagawadgita BAB XVI,1,588
589,39,18,"ahankaram balam darpam
kamam krodham ca samsritah
mam atma-para-dehesu
pradvisanto ’bhyasuyakah

Dengan kebiasaan yang buruk ini (ia) membohongi dirinya sendiri dengan keakuan, kekuatan, kesombongan, nafsu dan kemarahan, membenci Aku yang ada dalam jasmani mereka sendiri dan jasmani lainnya.",Bhagawadgita BAB XVI,1,589
590,39,19,"tan aham dvisatah kruran
samsaresu naradhaman
ksipamy ajasram asubhan
asurisv eva yonisu

Mereka yang kejam dan membenci ini, adalah manusia paling hina didunia ini, yang aku campakkan berkali-kali kedalam kandungan raksasa.",Bhagawadgita BAB XVI,1,590
591,39,20,"asurim yonim apanna
mudha janmani janmani
mam aprapyaiva kaunteya
tato yanty adhamam gatim

Terjerumus dalam kandungan raksasa, yang terbingungkan ini, dalam berbagai kelahiran tak akan pernah mencapai Aku, sehingga mereka jatuh ke jalan yang paling rendah, wahai Kuntiputra.",Bhagawadgita BAB XVI,1,591
592,39,21,"tri-vidham narakasyedam
dvaram nasanam atmanah
kamah krodhas tatha lobhas
tasmad etat trayam tyajet

Tiga pintu gerbang ke neraka, menuju jurang kehancuran diri, yaitu kama, krodha dan lobha, oleh karena itu ketiganya harus ditinggalkan.",Bhagawadgita BAB XVI,1,592
593,39,22,"etair vimuktah kaunteya
tamo-dvarais tribhir narah
acaraty atmanah sreyas
tato yati param gatim

Orang yang terbebas dari ketiga pintu kegelapan ini, wahai Kuntiputra, melakukan apa yang baik baginya, sehingga mencapai tempat tertinggi.",Bhagawadgita BAB XVI,1,593
594,39,23,"yah shastra-vidhim utsrjya
vartate kama-karatah
na sa siddhim avapnoti
na sukham na param gatim

Ia yang meninggalkan ajaran kitab suci, berada dibawah pengaruh nafsu keinginan, tak akan mencapai kesempurnaan, kebahagiaan dan tujuan tertinggi.",Bhagawadgita BAB XVI,1,594
595,39,24,"tasmac chastram pramanam te
karyakarya-vyavasthitau
jnatva shastra-vidhanoktam
karma kartum iharhasi

Karena itu, biarlah kitab-kitab suci menjadi petunjukmu untuk menentukan apa yang boleh dilakukan dan apa yang tidak boleh, setelah mengetahui apa yang dikatakan dalam aturan kitab suci engkau hendaknya mengerjakannya disini.  


Disini berakhir Bab ke-enam belas dari Upanisad Bhagawadgita, ajaran tentang Brahmavidya dan Yogasastra, berupa percakapan antara Sri Krsna dan Arjuna yang berjudul:
""DAIVASURA SAMPAD VIBHAGA YIGAH""",Bhagawadgita BAB XVI,1,595
596,40,1,"Arjuna uvaca:
ye shastra-vidhim utsrjya
yajante shraddhayanvitah
tesham nistha tu ka krishna
sattvam aho rajas tamah

Arjuna berkata:
Mereka yang melalaikan ketentuan Veda, tetapi melaksanakan kurban dengan penuh keyakinan, bagaimanakah sifat bhakti mereka ini, wahai Krsna, apakah ini disebut sattva, rajah atau tamah?",Bhagawadgita BAB XVII,1,596
597,40,2,"Sri-bhagavan uvaca:
tri-vidha bhavati shraddha
dehinam sa svabhava-ja
sattviki rajasi caiva
tamasi ceti tam shrinu

Sri Bhagavan bersabda:
Ada tiga macam keyakinan, yang tergantung pada watak perwujudan badan, yaitu sifat sattva, rajah dan tamah; dengarkanlah itu semua.",Bhagawadgita BAB XVII,1,597
598,40,3,"sattvanurupa sarvasya
shraddha bhavati bharata
shraddha-mayo ’yam purusho
yo yac-chraddhah sa eva sah

Kepercayaan tiap-tiap individu, wahai Arjuna, tergantung pada sifat wataknya; manusia terbentuk oleh kepercayaanya, apapun kepercayaannya demikian pulalah dia adanya.",Bhagawadgita BAB XVII,1,598
599,40,4,"yajante sattvika devan
yaksha-rakshamsi rajasah
pretan bhuta-ganams canye
yajante tamasa janah

Orang yang bersifat sattvam memuja kepada Dewata, yang bersifat rajah memuja yaksa dan raksasa, sedangkan lainnya bersifat tamah memuja roh orang mati dan para bhuta.",Bhagawadgita BAB XVII,1,599
600,40,5,"ashastra-vihitam ghoram
tapyante ye tapo janah
dambhahankara-samyuktah
kama-raga-balanvitah

Orang yang melakukan tapa yang keras, tanpa petunjuk kitab suci, yang terdorong oleh sifat pura-pura, sombong, penuh keinginan dan nafsu.",Bhagawadgita BAB XVII,1,600
601,40,6,"karsayantah sarira-stham
bhuta-gramam acetasah
mam caivantah sarira-stham
tan viddhy asura-niscayan

Tolol-lah mereka dengan menekan organ-organ dari badan dan juga Aku yang bersemayam didalamnya, ketahuilah mereka sebenarnya memiliki maksud jahat sebagai tujuan.",Bhagawadgita BAB XVII,1,601
602,40,7,"aharas tv api sarvasya
tri-vidho bhavati priyah
yajnas tapas tatha danam
tesham bhedam imam shrinu

Makanan yang berguna bagi semua (insani) juga ada tiga macamnya, demikian pula upacara kurban, pertapaan dan sedekah, sederhanakanlah perbedaannya.",Bhagawadgita BAB XVII,1,602
603,40,8,"ayuh-sattva-balarogya
sukha-priti-vivardhanah
rasyah snigdhah sthira hrdya
aharah sattvika-priyah

Makanan yang memberi hidup, kekuatan, tenaga kesehatan, kebahagiaan dan kesenangan, yang terasa lezat, lembut, menyegarkan dan enak, sangat disukai oleh golongan sattvika.",Bhagawadgita BAB XVII,1,603
604,40,9,"katv-amla-lavanaty-usna
tiksna-ruksa-vidahinah
ahara rajasasyesta
duhkha-sokamaya-pradah

Makanan yang pahit, asam, asin, pedas, banyak rempah, keras dan hangus serta menyebabkan kesusahan, kesedihan dan penyakit disukai oleh orang yang bersifat rajas.",Bhagawadgita BAB XVII,1,604
605,40,10,"yata-yamam gata-rasam
puti paryusitam ca yat
ucchistam api camedhyam
bhojanam tamasa-priyam

Makanan yang basi, hilang rasa busuk, berbau, bekas sisa dan tidak bersih adalah makanan yang sangat digemari oleh yang bersifat tamas.",Bhagawadgita BAB XVII,1,605
606,40,11,"aphalakanksibhir yajno
vidhi-disto ya ijyate
yastavyam eveti manah
samadhaya sa sattvikah

Yajna menurut kitab-kitab suci, yang dilakukan oleh orang tanpa mengharap pahala dan percaya sepenuhnya bahwa upacara ini sebagai tugas kewajiban adalah sattvika.",Bhagawadgita BAB XVII,1,606
607,40,12,"abhisandhaya tu phalam
dambhartham api caiva yat
ijyate bharata-srestha
tam yajnam viddhi rajasam

Tetapi yang dilakukan dengan mengharapkan ganjaran, dan semata-mata untuk kemegahan belaka, ketahuilah wahai Arjuna yajna itu adalah bersifat rajas.",Bhagawadgita BAB XVII,1,607
608,40,13,"vidhi-hinam asrstannam
mantra-hinam adaksinam
shraddha-virahitam yajnam
tamasam paricakshate

Dikatakan bahwa, yajna yang dilakukan tanpa aturan (bertentangan), dimana makanan tidak dihidangkan, tanpa mantra dan sedekah serta tanpa keyakinan dinamakan tamas.",Bhagawadgita BAB XVII,1,608
609,40,14,"deva-dvija-guru-prajna-
pujanam shaucam arjavam
brahmacaryam ahimsa ca
sariram tapa ucyate

Pemujaan kepada para dewa, para dwijati, guru dan orang yang arif bijaksana; kemurnian, kejujuran, pengendalian nafsu dan tanpa kekerasan ini dikatakan sebagai tapah dari badan.",Bhagawadgita BAB XVII,1,609
610,40,15,"anudvega-karam vakyam
satyam priya-hitam ca yat
svadhyayabhyasanam caiva
van-mayam tapa ucyate

Kata-kata yang tidak melukai hati, dapat dipercaya, lemah lembut dan berguna, demikian pula membiasakan diri dalam mempelajari kitab-kitab suci, ini dikatakan bertapa dengan ucapan.",Bhagawadgita BAB XVII,1,610
611,40,16,"manah-prasadah saumyatvam
maunam atma-vinigrahah
bhava-samsuddhir ity etat
tapo manasam ucyate

Pikiran tenang, bersikap lemah lembut, pendiam, mengendalikan diri, jiwa suci, ini semua disebut bertapa dengan pikiran.",Bhagawadgita BAB XVII,1,611
612,40,17,"shraddhaya paraya taptam
tapas tat tri-vidham naraih
aphalakanksibhir yuktaih
sattvikam paricakshate

Tiga macam tapa brata ini, yang dilakukan orang dengan keyakinan yang mantap, tanpa mengharapkan pahala, dinamakan sattvika.",Bhagawadgita BAB XVII,1,612
613,40,18,"satkara-mana-pujartham
tapo dambhena caiva yat
kriyate tad iha proktam
rajasam calam adhruvam

Tapabrata yang dilakukan dengan maksud supaya mendapat penghormatan, disegani dan di puja-puja serta yang dilaksanakan dengan berpura-pura, ini yang disebut rajasa, tidak stabil dan tidak pasti.",Bhagawadgita BAB XVII,1,613
614,40,19,"mudha-grahenatmano yat
pidaya kriyate tapah
parasyotsadanartham va
tat tamasam udahrtam

Tapabrata yang dilakukan dengan pengertian yang keliru dengan jalan menyiksa badan sendiri atau dengan tujuan menghancurkan orang lain, dinamakan tamasa.",Bhagawadgita BAB XVII,1,614
615,40,20,"datavyam iti yad danam
diyate ’nupakarine
dese kale ca patre ca
tad danam sattvikam smrtam

Sedekah yang diberikan tanpa mengharapkan kembali, dengan keyakinan sebagai kewajiban untuk memberikan pada tempat, waktu dan penerima yang berhak disebut sattvika.",Bhagawadgita BAB XVII,1,615
616,40,21,"yat tu pratyupakarartham
phalam uddisya va punah
diyate ca pariklistam
tad danam rajasam smrtam

Sedekah yang diberikan dengan harapan untuk didapat kembali dan memperoleh keuntungan di kemudian hari dan dengan perasaan kesal untuk memberikannya, sedekah seperti itu dinamakan rajasa.",Bhagawadgita BAB XVII,1,616
617,40,22,"adesa-kale yad danam
apatrebhyas ca diyate
asat-kritam avajnatam
tat tamasam udahrtam

Dan sedekah yang diberikan pada kesempatan dan waktu yang salah kepada mereka yang tidak berhak, tanpa menghormati atau dengan penghinaan dinamakan tamasa.",Bhagawadgita BAB XVII,1,617
618,40,23,"om tat sad iti nirdeso
brahmanas tri-vidhah smrtah
brahmanas tena vedas ca
yajnas ca vihitah pura
<
""Om Tat Sat"", ini yang dipandang sebagai tiga aspek perlambang Brahman; dengan ini telah ditetapkan tentang para brahmana; dengan ini telah ditetapkan tentang para brahmana, kitab suci Veda dan dalam upacara yajna dahulu kala.",Bhagawadgita BAB XVII,1,618
619,40,24,"tasmad om ity udahrtya
yajna-dana-tapah-kriyah
pravartante vidhanoktah
satatam brahma-vadinam

Karena itu, dengan mengucapkan Om, upacara yajna, sedekah dan tapah seperti telah ditentukan dalam kitab-kitab suci, selalu dilakukan oleh pengikut Veda.",Bhagawadgita BAB XVII,1,619
620,40,25,"tad ity anabhisandhaya
phalam yajna-tapah-kriyah
dana-kriyas ca vividhah
kriyante moksha-kanksibhih

Dengan ucapan ""Tat"" dan tanpa menghiraukan pahala atas penyelenggaraan upacara yajna, tapabrata dan juga sedekah yang berbagaimacam jenisnya, dilakukan oleh mereka yang mengharapkan moksa.",Bhagawadgita BAB XVII,1,620
621,40,26,"sad-bhave sadhu-bhave ca
sad ity etat prayujyate
prasaste karmani tatha
sac-chabdah partha yujyate

Kata ""Sat"" ini diucapkan dalam hal kenyataan dan kebajikan, dan juga perkataan ""Sat"" diucapkan untuk perbuatan-perbuatan bajik, wahai Arjuna.",Bhagawadgita BAB XVII,1,621
622,40,27,"yajne tapasi dane ca
sthitih sad iti cocyate
karma caiva tad-arthiyam
sad ity evabhidhiyate

Kemantapan dalam melakukan upacara, bertapa dan sedekah, juga disebut dengan Sat, demikian pula setiap perbuatan untuk tujuan itu, juga disebut dengan Sat.",Bhagawadgita BAB XVII,1,622
623,40,28,"ashraddhaya hutam dattam
tapas taptam kritam ca yat
asad ity ucyate partha
na ca tat pretya no iha

Apapun yang dikurbankan, disedekahkan dan tapa brata apapun yang dilaksanakan, tanpa keyakinan, disebut dengan Asad, wahai Arjuna, hal seperti ini tidak ada artinya, disini ataupun di dunia sana.  



Disini berakhir Bab ke-tujuh belas dari Upanisad Bhagavadgita, ajaran tentang Brahmavidya dan Yogasastra, berupa percakapan antara Sri Krsna dan Arjuna yang berjudul :
""SRADDHATRAYA VIBHAGA YOGAH""",Bhagawadgita BAB XVII,1,623
624,41,1,"Arjuna uvaca:
sannyasasya maha-baho
tattvam icchami veditum
tyagasya ca hrishikesha
prithak kesi-nisudana

Arjuna berkata:
Saya ingin mengetahui, wahai yang berlengan perkasa (Krsna), beberapa hal tentang kebenaran dari Samnyasa, wahai Hrskesa (Krsna), demikian juga tentang tyaga, wahai Kesinisudana (Krsna)",Bhagawadgita BAB XVIII,1,624
625,41,2,"Sri-bhagavan uvaca:
kamyanam karmanam nyasam
sannyasam kavayo viduh
sarva-karma-phala-tyagam
prahus tyagam vicakshanah

Sri Bhagavan menjawab:
Para pandita menyatakan ""samnyasa"" tidak melaksanakan kerja yang didorong nafsu dan meninggalkan pahala semua kerja oleh orang arif bijaksana dikatakan sebagai ""tyaga"".",Bhagawadgita BAB XVIII,1,625
626,41,3,"tyajyam dosa-vad ity eke
karma prahur manisinah
yajna-dana-tapah-karma
na tyajyam iti capare

Beberapa orang bijak menyatakan "" kegiatan kerja harus ditinggalkan sebagai suatu kejahatan"" sementara yang lain berkata ""kegiatan kurban, sedekah dan tapa brata jangan ditinggalkan""",Bhagawadgita BAB XVIII,1,626
627,41,4,"niscayam shrinu me tatra
tyage bharata-sattama
tyago hi purusha-vyaghra
tri-vidhah samprakirtitah

Dengarkanlah dari Aku, wahai Arjuna, kebenaran tentang tyaga ini, wahai yang terbaik dari wangsa Bharata, meninggalkan kerja itu sesungguhnya ada tiga, wahai yang terbaik diantara manusia.",Bhagawadgita BAB XVIII,1,627
628,41,5,"yajna-dana-tapah-karma
na tyajyam karyam eva tat
yajno danam tapas caiva
pavanani manisinam

Kegiatan yajna (berkurban), bersedekah dan tapa, jangan diabaikan melainkan harus dilakukan sebab yajna, sedekah dan tapa brata adalah pensuci bagi orang arif bijaksana.",Bhagawadgita BAB XVIII,1,628
629,41,6,"etany api tu karmani
sangam tyaktva phalani ca
kartavyaniti me partha
niscitam matam uttamam

Tetapi kegiatan inipun harus dilakukan dengan melepaskan keterikatan akan pahalanya; wahai Arjuna, inilah ketetapan dan pandangan-Ku yang terbaik.",Bhagawadgita BAB XVIII,1,629
630,41,7,"niyatasya tu sannyasah
karmano nopapadyate
mohat tasya parityagas
tamasah parikirtitah

Sesungguhnya meninggalkan kewajiban tidak dibenarkan dan meninggalkan karena kebingungan dinamakan kegelapan.",Bhagawadgita BAB XVIII,1,630
631,41,8,"duhkham ity eva yat karma<
kaya-klesa-bhayat tyajet
sa kritva rajasam tyagam
naiva tyaga-phalam labhet

Dia yang meninggalkan kegiatan kerja karena sedih atau takut penderitaan jasmani, meninggalkan seperti itu bersifat rajasa dan tidak akan memperoleh pahala karenanya,",Bhagawadgita BAB XVIII,1,631
632,41,9,"karyam ity eva yat karma
niyatam kriyate ’rjuna
sangam tyaktva phalam caiva
sa tyagah sattviko matah

Wahai Arjuna, kewajiban kerja apapun yang harus dikerjakan karena harus dilakukan, dengan meninggalkan keterikatan dan pahala, penanggalan itu dipandang sattvika.",Bhagawadgita BAB XVIII,1,632
633,41,10,"na dvesty akusalam karma
kusale nanusajjate
tyagi sattva-samavisto
medhavi chinna-samsayah

Seorang tyagi yang bersifat sattva adalah mereka memiliki pemahaman mantap dan keragu-raguannya telah terhapuskan, tidak membenci kerja yang tak menyenangkan dan tak terikat pada kerja yang menyenangkan.",Bhagawadgita BAB XVIII,1,633
634,41,11,"na hi deha-bhrta sakyam
tyaktum karmany asesatah
yas tu karma-phala-tyagi
sa tyagity abhidhiyate

Sesungguhnya, tak mungkin bagi keberadaan berwujud untuk melepaskan kegiatan kerja sama sekali, tetapi dia yang melepaskan pahala kerja dianggap sebagai yang telah menjadi tyagi.",Bhagawadgita BAB XVIII,1,634
635,41,12,"anistam istam misram ca
tri-vidham karmanah phalam
bhavaty atyaginam pretya
na tu sannyasinam kvacit

Ada tiga macam hasil kegiatan kerja yang dialami sesudah mati bagi mereka yang sudah terikat dengannya, yaitu yang menyenangkan, tak menyenangkan dan campuran (dari kedua itu), tetapi bagi seorang tyagi, sama sekali tidak ada yang dinikmatinya.",Bhagawadgita BAB XVIII,1,635
636,41,13,"pancaitani maha-baho
karanani nibodha me
sankhye kritante proktani
siddhaye sarva-karmanam

Pelajarilah dari Aku wahai Arjuna, lima faktor dalam menyelesaikan segala kegiatan kerja seperti tercantum dalam ajaran samkhya, yang merupakan akhir dari kegiatan itu.",Bhagawadgita BAB XVIII,1,636
637,41,14,"adhisthanam tatha karta
karanam ca prithag-vidham
vividhas ca prithak cesta
daivam caivatra pancamam

Tempat terjadinya perbuatan (badan), pelakunya, berbaga indra-indra, fungsi berbeda dari berbagai jenis dan dewata yang mengetuainya, sebagai yang kelima.",Bhagawadgita BAB XVIII,1,637
638,41,15,"sarira-van-manobhir yat
karma prarabhate narah
nyayyam va viparitam va
pancaite tasya hetavah

Apapun perbuatan yang dilakukan seseorang dengan badan, kata-kata dan pikirannya apakah itubaik ataupun tercela, kelimanya inilah yang merupakan penyebabnya.",Bhagawadgita BAB XVIII,1,638
639,41,16,"tatraivam sati kartaram
atmanam kevalam tu yah
pasyaty akrita-buddhitvan
na sa pasyati durmatih

Ini karena demikian, ia yang melihat dirinya sendiri sebagai pelaku, karena pemahamannya yang tak sempurna, yang pikirannya menentang, sama sekali tak melihatnya.",Bhagawadgita BAB XVIII,1,639
640,41,17,"yasya nahankrto bhavo
buddhir yasya na lipyate
hatvapi sa imaû lokan
na hanti na nibadhyate

Dia yang pemahamannya tidak terpengaruh, bebas dari rasa egoismenya, walaupun ia membunuh orang-orang ini ia tak membunuh dan tak terikat perbuatannya.",Bhagawadgita BAB XVIII,1,640
641,41,18,"jnanam jneyam parijnata
tri-vidha karma-codana
karanam karma karteti
tri-vidhah karma-sangrahah

Ada tiga macam penyebab yang merangsang orang untuk berbuat, yaitu, pengetahuan, tujuan pengetahuan (dan) orang yang mengetahuinya; ketiga kelompok dasar perbuatan itu adalah penyebab, objek dan pelaku.",Bhagawadgita BAB XVIII,1,641
642,41,19,"jnanam karma ca karta ca
tridhaiva guna-bhedatah
procyate guna-sankhyane
yathavac chrnu tany api

Pengetahuan, kegiatan kerja dan pelakunya yang dinyatakan dalam ajaran Samkhya disebutkan ada tiga macamnya, sesuai dengan perbedaan guna, dengarkanlah kebenarannya.",Bhagawadgita BAB XVIII,1,642
643,41,20,"sarva-bhutesu yenaikam
bhavam avyayam iksate
avibhaktam vibhaktesu
taj jnanam viddhi sattvikam

Pengetahuan yang menyebabkan terlihatnya jiwa yang kekal abadi dalam semua insani, yang tidak dapat dibagi dalam yang terbagi, ketahuilah pengetahuan ini adalah sattvika.",Bhagawadgita BAB XVIII,1,643
644,41,21,"prithaktvena tu yaj jnanam
nana-bhavan prithag-vidhan
vetti sarveshu bhutesu
taj jnanam viddhi rajasam

Tetapi, pengetahuan yang melihatnya bahwa seluruh mahluk hidup merupakan banyak kesatuan berbeda sebagai saling terpisah satu sama lainnya, ketahuilah pengetahuan ini adalah rajasa.",Bhagawadgita BAB XVIII,1,644
645,41,22,"yat tu krtsna-vad ekasmin
karye saktam ahaitukam
atattvartha-vad alpam ca
tat tamasam udahrtam<

Ia yang melihat satu akibat saja seolah-olah merupakan keseluruhan tanpa (melihat) hubungan sebab musahab dan kebenarannya, lagi pula (berpandangan) picik, itulah pengetahuan tamasa.",Bhagawadgita BAB XVIII,1,645
646,41,23,"niyatam sanga-rahitam
araga-dvesatah kritam
aphala-prepsuna karma
yat tat sattvikam ucyate

Kegiatan kerja yang wajib dilakukan oleh seseorang tanpa bertujuan mencari pemenuhan kebutuhan keinginan pribadinya, bebas dari keterikatan, yang bekerja dengan tiada kecintaan dan kebencian itu dinamakan sattvika.",Bhagawadgita BAB XVIII,1,646
647,41,24,"yat tu kamepsuna karma
sahankarena va punah
kriyate bahulayasam
tad rajasam udahrtam

Tetapi kegiatan yang dilakukan dengan usaha-usaha keras karena terdorong oleh keinginan dan ke-aku-an dikatakan kegiatan yang rajasa.",Bhagawadgita BAB XVIII,1,647
648,41,25,"anubandham ksayam himsam
anapeksya ca paurusam
mohad arabhyate karma
yat tat tamasam ucyate

Kegiatan kerja yang dilakukan karena kebingungan tanpa menghiraukan akibatnya, menyakiti hati dan tak hirau akan kemampuan, yang demikian itu disebut tamasa.",Bhagawadgita BAB XVIII,1,648
649,41,26,"mukta-sango ’naham-vadi
dhrty-utsaha-samanvitah
siddhy-asiddhyor nirvikarah
karta sattvika ucyate

Pelaku yang bebas dari keterikatan dan tidak egois dalam berbicara, penuh dengan keteguhan hati, tak tergoyahkan oleh keberhasilan maupun kegagalan, ia dinamakan sattvika.",Bhagawadgita BAB XVIII,1,649
650,41,27,"ragi karma-phala-prepsur
lubdho himsatmako ’sucih
harsa-sokanvitah karta
rajasah parikirtitah

Pelaku yang terbawa arus hawa nafsu, menginginkan pahala kerja, loba, berbahaya tak suci, mudah terpengaruh suka dan duka dinamakan rajasa.",Bhagawadgita BAB XVIII,1,650
651,41,28,"ayuktah prakritah stabdhah
satho naiskritiko ’lasah
visadi dirgha-sutri ca
karta tamasa ucyate

Pelaksana yang pikirannya tak terkendalikan, tak beradat, sombong, tidak jujur, berhati jahat, tebal muka, pengecut dan suka menunda-nunda, ia dinamakan bersifat tamasa.",Bhagawadgita BAB XVIII,1,651
652,41,29,"buddher bhedam dhrtes caiva
gunatas tri-vidham shrinu
procyamanam asesena
prithaktvena dhananjaya<br\>

Wahai Dhananjaya (Arjuna), dengarkanlah perbedaan dari tiga pengertian dan juga keteguhan hati, sesuai menurut guna seluruhnya dan juga masing-masingnya.",Bhagawadgita BAB XVIII,1,652
653,41,30,"pravrttim ca nivrttim ca
karyakarye bhayabhaye
bandham moksham ca ya vetti
buddhih sa partha sattviki

Kecerdasan yang mengenal jalan kegiatan kerja dan penyangkalan, apa yang harus dikerjakan dan yang tidak, takut dan tanpa rasa takut, terikat dan bebas, pengertian yang dimaksud seperti itu ketahuilah, wahai Arjuna adalah sattvika.",Bhagawadgita BAB XVIII,1,653
654,41,31,"yaya dharmam adharmam ca
karyam cakaryam eva ca
ayathavat prajanati
buddhih sa partha rajasi

Kecerdasan yang mengetahui benar dan salah, yang boleh dikerjakan dan yang tidak boleh dikerjakan, namun secara keliru, wahai Arjuna inilah yang disebut bersifat rajasa.",Bhagawadgita BAB XVIII,1,654
655,41,32,"adharmam dharmam iti ya
manyate tamasavrta
sarvarthan viparitams ca
buddhih sa partha tamasi

Pengertian yang terselimuti oleh kegelapan sehingga yang benar dikatakan salah dan segala yang dilihat sebaliknya, wahai Arjuna, itulah yang dinamakan tamasa.",Bhagawadgita BAB XVIII,1,655
656,41,33,"dhrtya yaya dharayate
manah-pranendriya-kriyah
yogenavyabhicarinya
dhrtih sa partha sattviki

Kemantapan yang tidak tergoyahkan, yang dengan pelaksanaan yoga seseorang mengendalikan kegiatan pikiran, pernafasan dan indra-indra, wahai Arjuna, keteguhan inilah yang sattvika.",Bhagawadgita BAB XVIII,1,656
657,41,34,"yaya tu dharma-kamarthan
dhrtya dharayate ’rjuna
prasangena phalakanksi
dhrtih sa partha rajasi

Tetapi, wahai Arjuna, kemantapan yang berpegang pada kewajiban, kesenangan kekayaan, menginginkan pahala sebagai konsekwensi karena keterikatan, keteguhan ini adalah bersifat rajasa.",Bhagawadgita BAB XVIII,1,657
658,41,35,"yaya svapnam bhayam sokam
visadam madam eva ca
na vimuncati durmedha
dhrtih sa partha tamasi

Keteguhan hati yang bodoh tak mau melepaskan tidur, kemalasan, kecemasan, kesedihan keputusasaan dan kesombongan, wahai Arjuna, keteguhan hati inilah tamasa.",Bhagawadgita BAB XVIII,1,658
659,41,36,"sukham tv idanim tri-vidham
shrinu me bharatarsabha
abhyasad ramate yatra
duhkhantam ca nigacchati

Tetapi sekarang dengarkanlah dari Aku tiga macam kebahagiaan, wahai Arjuna, dimana dengan membiasakannya seseorang menjadi berbahagia dan mencapai akhir kedukaannya.",Bhagawadgita BAB XVIII,1,659
660,41,37,"yat tad agre visam iva
pariname ’mrtopamam
tat sukham sattvikam proktam
atma-buddhi-prasada-jam

Kebahagiaan yang muncul dari pemahaman yang jelas tentang sang diri, yang awalnya laksana racun tetapi pada akhirnya ibarat ambrosia, dinyatakan sebagai sattvika.",Bhagawadgita BAB XVIII,1,660
661,41,38,"visayendriya-samyogad
yat tad agre ’mrtopamam
pariname visam iva
tat sukham rajasam smrtam

Kebahagiaan yang timbul dari hubungan antara indra dengan objek duniawi, yang pada awalnya bagaikan nektar tetapi akhirnya menjadi racun; kebahagiaan beginilah dinyatakan sebagai rajasa.",Bhagawadgita BAB XVIII,1,661
662,41,39,"yad agre canubandhe ca
sukham mohanam atmanah
nidralasya-pramadottham
tat tamasam udahrtam

Kebahagiaan yang pada awal dan akhirnya mengakibatkan kesesatan jiwa yang timbul karena suka tidur, malas serta tidak peduli, kebahagiaan ini disebut tamasa.",Bhagawadgita BAB XVIII,1,662
663,41,40,"na tad asti prithivyam va
divi devesu va punah
sattvam prakriti-jair muktam
yad ebhih syat tribhir gunaih

Tak ada mahluk insani baik di dunia ini maupun disorga, diantara para dewa, bebas dari triguna yang lahir dari prakrti ini.",Bhagawadgita BAB XVIII,1,663
664,41,41,"brahmana-kshatriya-visam
shudranam ca parantapa
karmani pravibhaktani
svabhava-prabhavair gunaih

Kewajiban dari para Brahmana, ksatria, waisya dan sudra, wahai paramtapa (Arjuna), dibedakan sesuai dengan guna, yang muncul dari sifatnya sendiri.",Bhagawadgita BAB XVIII,1,664
665,41,42,"samo damas tapah shaucam
ksantir arjavam eva ca
jnanam vijnanam astikyam
brahma-karma svabhava-jam

Ketenangan, pengendalian diri, tapa brata, kemurnian, pengampun, jujur, begitu pula berpengetahuan, bijaksana dan percaya pada kehidupan setelah mati, adalah kewajiban seorang brahmana yang lahir dari sifatnya sendiri.",Bhagawadgita BAB XVIII,1,665
666,41,43,"sauryam tejo dhrtir daksyam
yuddhe capy apalayanam
danam ishvara-bhavas ca
kshatram karma svabhava-jam

Pemberani, lincah, teguh, cakap, pantang mundur dalam perang, dermawan dan berwibawa memimpin, adalah kewajiban para ksatriya yang terlahir dari sifat alamiahnya sendiri.",Bhagawadgita BAB XVIII,1,666
667,41,44,"krsi-go-raksya-vanijyam
vaishya-karma svabhava-jam
paricaryatmakam karma<
shudrasyapi svabhava-jam

Pertanian, beternak dan perdagangan adalah tugas para vaisya, yang terlahir dari sifat alamiahnya sendiri; dan kegiatan dalam bentuk pelayanan, adalah tugas golongan sudra, yang terlahir dari sifat alamiahnya sendiri.",Bhagawadgita BAB XVIII,1,667
668,41,45,"sve sve karmany abhiratah
samsiddhim labhate narah
sva-karma-niratah siddhim
yatha vindati tac chrnu

Melakukan kerja masing-masing dengan tekun orang mencapai kesempurnaan tertinggi; bagaimanakah orang mencapai kesempurnaan dengan melakukan tugasnya sendiri, dengarkanlah hal itu.",Bhagawadgita BAB XVIII,1,668
669,41,46,"yatah pravrttir bhutanam
yena sarvam idam tatam
sva-karmana tam abhyarcya
siddhim vindati manavah

Dia dari siapa datangnya semua insani oleh siapa semuanya ini diliputi; dengan memuja-Nya dengan kewajibannya sendiri, manusia mencapai kesempurnaan.",Bhagawadgita BAB XVIII,1,669
670,41,47,"sreyan sva-dharmo vigunah
para-dharmat sv-anusthitat
svabhava-niyatam karma
kurvan napnoti kilbisam

Lebih mulia melakukan kewajiban sendiri walau tak sempurna daripada melakukan kewajiban orang lain, kendatipun dengan sempurna; sesungguhnya bila ia melaksanakan tugas kewajibannya sendiri sesuai dengan sifatnya, ia tak berdosa.",Bhagawadgita BAB XVIII,1,670
671,41,48,"saha-jam karma kaunteya
sa-dosam api na tyajet
sarvarambha hi dosena
dhumenagnir ivavrtah

Kewajiban yang lahir menurut sifatnya sendiri walaupun dengan kesalahan hendaknya jangan ditinggalkan, wahai putra Kunti (Arjuna), karena sesungguhnya semua kerja diliputi kekurangan, ibarat api diselubungi asap.",Bhagawadgita BAB XVIII,1,671
672,41,49,"asakta-buddhih sarvatra
jitatma vigata-sprhah
naishkarmya-siddhim paramam
sannyasenadhigacchati

Orang yang kecerdasannya tak terikat dimana saja, telah menguasai dirinya dan melepaskan keinginannya, dengan penyangkalan ia mencapai tingkat tertinggi dari kebebasan akan kegiatan kerja.",Bhagawadgita BAB XVIII,1,672
673,41,50,"siddhim prapto yatha brahma
tathapnoti nibodha me
samasenaiva kaunteya
nistha jnanasya ya para

Setelah mencapai kesempurnaan, bagaimana mencapai Brahman, perwujudan tertinggi dari ilmu pengetahuan, pelajarilah itu dari aku secara ringkas.",Bhagawadgita BAB XVIII,1,673
674,41,51,"buddhya vishuddhaya yukto
dhrtyatmanam niyamya ca
shabdadin visayams tyaktva
raga-dvesau vyudasya ca

Dilengkapi dengan pemahaman murni, mengekang sang diri dengan teguh, menghindari suara dan objek indra lainnya serta melepaskan segala yang dicintai dab dibenci.",Bhagawadgita BAB XVIII,1,674
675,41,52,"vivikta-sevi laghv-asi
yata-vak-kaya-manasah
dhyana-yoga-paro nityam
vairagyam samupasritah

Tinggal ditempat terpencil, makan sedikit, mengendalikan perkataan, badan jasmani dan pikiran, selalu melakukan meditasi dan kosentrasi serta berlindung pada kedamaian hati.",Bhagawadgita BAB XVIII,1,675
676,41,53,"ahankaram balam darpam
kamam krodham parigraham
vimucya nirmamah santo
brahma-bhuyaya kalpate

Setelah membuang jauh-jauh keakuan, kekerasan, keangkuhan, nafsu amarah dan kemilikan, dan penuh kedamaian, ia layak mencapai Brahman.",Bhagawadgita BAB XVIII,1,676
677,41,54,"brahma-bhutah prasannatma
na socati na kanksati
samah sarveshu bhutesu
mad-bhaktim labhate param

Dengan menjadi Brahman, berpikiran tentram, tiada duka maupun keinginan, memandang sama semua makluk insani; (Demikianlah) ia yang telah mencapai bhakti tertinggi kepada-Ku.",Bhagawadgita BAB XVIII,1,677
678,41,55,"bhaktya mam abhijanati
yavan yas casmi tattvatah
tato mam tattvato jnatva
visate tad-anantaram

Dengan berbhakti kepada-Ku, ia mengetahui siapa dan apa sesungguhnya Aku, dan dengan mengetahui hakekat-Ku, ia mencapai Aku dikemudian hari.",Bhagawadgita BAB XVIII,1,678
679,41,56,"sarva-karmany api sada
kurvano mad-vyapasrayah
mat-prasadad avapnoti
sasvatam padam avyayam

Dengan melaksanakan semua kegiatan kerja secara terus menerus dan berlindung kepada-Ku, dengan restu-Ku ia mencapai tempat yang langgeng, kekal abadi.",Bhagawadgita BAB XVIII,1,679
680,41,57,"cetasa sarva-karmani
mayi sannyasya mat-parah
buddhi-yogam upasritya
mac-cittah satatam bhava

Dengan menyerahkan segala kegiatan kerja secara mental kepada-Ku, menjadikan Aku sebagai tujuan tertinggi dan berlindung pada Buddhi-yoga, pusatkanlah pikiranmu kepada-Ku.",Bhagawadgita BAB XVIII,1,680
681,41,58,"mac-cittah sarva-durgani
mat-prasadat tarisyasi
atha cet tvam ahankaran
na srosyasi vinanksyasi

Dengan memusatkan pikiranmu kepada-Ku, dengan restu-Ku, engkau akan mampu mengatasi segala kesukaran; tetapi bila karena keakuanmu engkau tak mau mendengarkan-Ku engkau akan musnah.",Bhagawadgita BAB XVIII,1,681
682,41,59,"yad ahankaram asritya
na yotsya iti manyase
mithyaisa vyavasayas te
prakritis tvam niyoksyati

Bila karena ke-aku-anmu engkau berpikir bahwa engkau tidak mau bertempur, ini adalah keputusanmu yang sia-sia karena sifat prakrti itu akan memaksamu.",Bhagawadgita BAB XVIII,1,682
683,41,60,"svabhava-jena kaunteya
nibaddhah svena karmana
kartum necchasi yan mohat
karishyasy avaso ’pi tat

Yang tak mau engkau lakukan karena khayalan, namun terikat oleh karmamu, yang lahir dari sifat alamiahmu sendiri, wahai Kuntiputra, akan engkau kerjakan tanpa daya, walaupun melawan kehendakmu.",Bhagawadgita BAB XVIII,1,683
684,41,61,"ishvarah sarva-bhutanam
hrd-dese ’rjuna tishthati
bhramayan sarva-bhutani
yantrarudhani mayaya

Yang Maha Kuasa berdiam di hati setiap insani, menyebabkan mereka semua berputar, wahai Arjuna, beredar dengan prinsip kekuatan maya-Nya, seolah-olah berada di atas mesin belaka.",Bhagawadgita BAB XVIII,1,684
685,41,62,"tam eva saranam gaccha
sarva-bhavena bharata
tat-prasadat param shantim
sthanam prapsyasi sasvatam

Berlindunglah engkau hanya kepada Dia, dengan seluruh jiwa ragamu, wahai Bharata dengan restu-Nya, engkau akan mencapai kedamaian tertinggi dan tempat yang kekal abadi.",Bhagawadgita BAB XVIII,1,685
686,41,63,"iti te jnanam akhyatam
guhyad guhyataram maya
vimrsyaitad asesena
yathecchasi tatha kuru

Demikianlah ilmu pengetahuan yang paling rahasia dari semua mistik, telah Ku-ajarkan kepadamu; setelah mempertimbangkan semua ini sepenuhnya, bertindaklah seperti yang engkau kehendaki.",Bhagawadgita BAB XVIII,1,686
687,41,64,"sarva-guhyatamam bhuyah
shrinu me paramam vacah
isto ’si me drdham iti
tato vaksyami te hitam

Dengarkanlah lagi mengenai yang paling rahasia dari kata-kata-Ku yang utama karena engakau benar-benar kesayangan-Ku dan mantap dalam hati, akan Ku-katakan apa yang baik bagimu.",Bhagawadgita BAB XVIII,1,687
688,41,65,"man-mana bhava mad-bhakto
mad-yaji mam namaskuru
mam evaishyasi satyam te
pratijane priyo ’si me

Pusatkahlah pikiranmu pada-Ku, jadilah bhakta-Ku; berkurbanlah untuk-Ku; bersujud kepada-Ku, dengan demikian engkau akan tiba kepada-Ku; Aku berjanji setulusnya kepadamu, sebab engkau terkasih bagi-Ku.",Bhagawadgita BAB XVIII,1,688
689,41,66,"sarva-dharman parityajya
mam ekam saranam vraja
aham tvam sarva-papebhyo
mokshayisyami ma sucah

Tinggalkan semua kewajibanmu, datang berlindunglah kepada-Ku saja; janganlah berduka, sebab Aku akan bebaskan engkau dari segala dosa.",Bhagawadgita BAB XVIII,1,689
690,41,67,"idam te natapaskaya
nabhaktaya kadacana
na casusrusave vacyam
na ca mam yo ’bhyasuyati

Janganlah engkau bicarakan dengan orang yang hidupnya tidak suci, demikian juga kepada yang bukan pengikut-Ku dan bukan pula kepada mereka yang tidak berbhakti, ataupun kepada mereka yang menghina-Ku.",Bhagawadgita BAB XVIII,1,690
691,41,68,"ya idam paramam guhyam
mad-bhaktesv abhidhasyati
bhaktim mayi param kritva
mam evaishyaty asamsayah

Dia yang mengajarkan rahasia utama ini kepada para pengikut-Ku dengan memperlihatkan kebaktiannya yang tertinggi kepada-Ku tidak dapat disangkal akan datang pada-Ku.",Bhagawadgita BAB XVIII,1,691
692,41,69,"na ca tasman manusyesu
kascin me priya-krttamah
bhavita na ca me tasmad
anyah priyataro bhuvi

Tak ada diantara manusia yang mengabdi begitu tulus kepada-Ku, begitu juga tak ada orang lain yang disayang oleh-Ku di dunia ini, kecuali dia.",Bhagawadgita BAB XVIII,1,692
693,41,70,"adhyesyate ca ya imam
dharmyam samvadam avayoh
jnana-yajnena tenaham
istah syam iti me matih

Dan, yang akan mempelajari percakapan suci kami berdua, oleh dialah Aku di puja dengan yajna pengetahuan, itulah keyakinan-Ku.",Bhagawadgita BAB XVIII,1,693
694,41,71,"shraddhavan anasuyas ca
shrinuyad api yo narah
so ’pi muktah subhal lokan
prapnuyat punya-karmanam

Orang yang mempunyai keyakinan dan tidak mencela, orang seperti itu walaupun hanya sekedar hanya mendengar, ia juga terbebas, mencapai dunia kebahagiaan manusia yang berbuat kebajikan.",Bhagawadgita BAB XVIII,1,694
695,41,72,"kaccid etac chrutam partha
tvayaikagrena cetasa
kaccid ajnana-sammohah
pranastas te dhananjaya

Apakah ini telah engkau dengarkan, wahai Partha dengan pikiranmu yang penuh perhatian? Apakah kekacauan pikiranmu telah terhapuskan, wahai Dhananjaya?",Bhagawadgita BAB XVIII,1,695
696,41,73,"Arjuna uvaca:
nasto mohah smritir labdha
tvat-prasadan mayacyuta
sthito ’smi gata-sandehah
karisye vacanam tava

Arjuna berkata:
Kekacauan pikiranku telah musnah, wahai acyuta, ingatanku telah pulih kembali karena anugrah-Mu, aku telah mantap, keragu-raguanku dan akan bertindak sesuai dengan ucapan-Mu.",Bhagawadgita BAB XVIII,1,696
697,41,74,"Sanjaya uvaca:
ity aham vasudevasya
parthasya ca mahatmanah
samvadam imam asrausam
adbhutam roma-harsanam

Sanjaya berkata:
Demikianlah yang telah hamba dengar percakapan luar biasa antara Vasudeva, dengan Partha yang berjiwa mulia, menyebabkan bulu roma hamba tegak berdiri.",Bhagawadgita BAB XVIII,1,697
698,41,75,"vyasa-prasadac chrutavan
etad guhyam aham param
yogam yogeshvarat krishnat
sakshat kathayatah svayam

Atas restu bhagavan Vyasa, hamba dapat mengetahui rahasia paling utama, ajaran yoga yang diajarkan langsung oleh Krsna sendiri, sebagai penguasa yoga, sebagaimana telah diajarkan oleh-Nya.",Bhagawadgita BAB XVIII,1,698
699,41,76,"rajan samsmrtya samsmrtya
samvadam imam adbhutam
keshavarjunayoh punyam
hrsyami ca muhur muhuh

Wahai Maha Raja, bila hamba teringat lagi dengan percakapan suci luar biasa antara Kesava dan Arjuna ini, hamba merasa bahagia setiap saat.",Bhagawadgita BAB XVIII,1,699
700,41,77,"tac ca samsmrtya samsmrtya
rupam aty-adbhutam hareh
vismayo me mahan rajan
hrsyami ca punah punah

Dan semakin diingat berulang-ulang wujud Hari yang luar biasa sangat mengagumkan hamba, wahai maha raja, hamba merasa bahagia dan bahagia lagi.",Bhagawadgita BAB XVIII,1,700
701,41,78,"yatra yogeshvarah krsno
yatra partho dhanur-dharah
tatra srir vijayo bhutir
dhruva nitir matir mama

Dimanapun Krsna, penguasa yoga, dimana Arjuna pahlawan pemanah berada, disana (ada) kebahagiaan, kemenangan, kesejahteraan, dan moral, demikianlah pendapat hamba. 


Disini berakhir Bab ke-delapan belas dari Upanisad Bhagavadgita, ajaran tentang Brahmavidya dan Yogasastra berupa percakapan antara Sri Krsna dan Arjuna yang berjudul: 
""MOKSA SAMNYASA YOGAH""",Bhagawadgita BAB XVIII,1,701
